csf	csf_derivative1	csf_power2	csf_derivative1_power2	white_matter	white_matter_derivative1	white_matter_derivative1_power2	white_matter_power2	global_signal	global_signal_derivative1	global_signal_power2	global_signal_derivative1_power2	std_dvars	dvars	framewise_displacement	t_comp_cor_00	a_comp_cor_00	a_comp_cor_01	a_comp_cor_02	a_comp_cor_03	cosine00	cosine01	cosine02	trans_x	trans_x_derivative1	trans_x_derivative1_power2	trans_x_power2	trans_y	trans_y_derivative1	trans_y_derivative1_power2	trans_y_power2	trans_z	trans_z_derivative1	trans_z_derivative1_power2	trans_z_power2	rot_x	rot_x_derivative1	rot_x_derivative1_power2	rot_x_power2	rot_y	rot_y_derivative1	rot_y_derivative1_power2	rot_y_power2	rot_z	rot_z_derivative1	rot_z_power2	rot_z_derivative1_power2	motion_outlier00	motion_outlier01	motion_outlier02
26581.53515625	n/a	706578011.2629548	n/a	n/a	n/a	n/a	n/a	22762.06640625	n/a	518111667.0825348	n/a	n/a	n/a	n/a	-0.0354027792	n/a	0.0039644566	0.050195288600000006	n/a	0.1217078847	0.1216831682	0.1216419777	0.0250172	n/a	n/a	0.0006258602958400001	0.052508000000000006	n/a	n/a	0.0027570900640000013	-0.0214877	n/a	n/a	0.0004617212512900001	0.00275704	n/a	n/a	7.6012695616e-06	0.0006403919999999999	n/a	n/a	4.1010191366399993e-07	-0.000111064	n/a	1.2335212095999998e-08	n/a	0.0	0.0	0.0
26220.50390625	-361.03125	687514825.0976715	130343.5634765625	n/a	n/a	n/a	n/a	22310.01171875	-452.0546875	497736622.8907623	204353.44049072266	0.987766	29.077019	0.1136273	0.0657750464	n/a	-0.0217447144	-0.0467828181	n/a	0.1216419777	0.12141962949999999	0.12104935019999999	0.0249852	-3.2000000000000785e-05	1.0240000000000498e-09	0.00062426021904	0.0427097	-0.00979830000000001	9.600668289000019e-05	0.00182411847409	0.018155	0.039642699999999996	0.0015715436632900005	0.0003296040250000001	0.00170325	-0.0010537900000000002	1.1104733641000004e-06	2.9010605625e-06	0.0007586239999999997	0.0001182319999999998	1.3978805823999954e-08	5.755103733759996e-07	0.0	0.000111064	0.0	1.2335212095999998e-08	0.0	0.0	0.0
26030.513671875	-189.990234375	677587642.0216713	36096.28915786743	n/a	n/a	n/a	n/a	22081.9296875	-228.08203125	487611618.72369385	52021.41297912598	0.8901899999999999	26.204666	0.1420428	0.1161755662	n/a	0.09907157609999999	-0.056218459400000004	n/a	0.1215101995	0.120893123	0.1198669825	0.0233885	-0.0015966999999999995	2.5494508899999986e-06	0.0005470219322499999	0.0281386	-0.014571100000000002	0.00021231695521	0.0007917808099599997	0.0830386	0.0648836	0.00420988154896	0.006895409089959999	0.00258948	0.00088623	7.854036129e-07	6.7054066704e-06	0.000425026	-0.00033359799999999973	1.1128762560399983e-07	1.80647100676e-07	0.0	0.0	0.0	0.0	0.0	0.0	0.0
26056.927734375	26.4140625	678963482.9544411	697.7026977539062	n/a	n/a	n/a	n/a	22196.728515625	114.798828125	492694756.79635996	13178.770938873291	0.768766	22.630289	0.26932505	0.07490620320000001	n/a	0.0844562464	-0.0414769906	n/a	0.1213126213	0.12010478890000001	0.1181006348	0.0126223	-0.0107662	0.00011591106244000001	0.00015932245729	0.0910168	0.0628782	0.00395366803524	0.008284057882239999	-0.0192059	-0.1022445	0.01045393778025	0.0003688665948100001	0.0011691	-0.00142038	2.0174793444e-06	1.36679481e-06	0.000425026	0.0	0.0	1.80647100676e-07	-0.000448343	-0.000448343	2.0101144564900006e-07	2.0101144564900006e-07	0.0	0.0	0.0
26726.97265625	670.044921875	714331067.3679353	448960.1973304749	n/a	n/a	n/a	n/a	22554.484375	357.755859375	508704765.4221192	127989.25491714476	0.989283	29.121666	0.25080290000000005	0.0194232963	n/a	-0.1062848008	0.0567916676	n/a	0.12104935019999999	0.11905633460000001	0.11575891279999999	0.00736825	-0.00525405	2.76050414025e-05	5.42911080625e-05	0.0297792	-0.06123759999999999	0.003750043653759999	0.0008868007526400002	-0.0741678	-0.054961900000000015	0.003020810451610001	0.005500862556840001	0.0031819	0.0020128000000000004	4.051363840000002e-06	1.012448761e-05	0.000185204	-0.000239822	5.7514591684000004e-08	3.4300521616000006e-08	-0.000113978	0.00033436500000000004	1.2990984484e-08	1.1179995322500005e-07	0.0	0.0	0.0
26676.724609375	-50.248046875	711647635.8844337	2524.866214752197	n/a	n/a	n/a	n/a	22633.0234375	78.5390625	512253749.9224243	6168.384338378906	1.080375	31.80316	0.1930576205	-0.22590802399999999	n/a	-0.0278175442	0.08433606240000001	n/a	0.1207205288	0.11775003070000001	0.11285322490000001	0.0112154	0.0038471500000000006	1.4800563122500006e-05	0.00012578519716	0.0783619	0.048582699999999986	0.00236027873929	0.006140587371609999	0.00124461	0.07541241	0.0056870315820081	1.5490540520999995e-06	0.00211054	-0.00107136	1.1478122496e-06	4.4543790916000014e-06	0.000299398	0.00011419399999999996	1.3040269635999992e-08	8.963916240399998e-08	4.77521e-06	0.00011875321000000002	2.2802630544099998e-11	1.41023248853041e-08	0.0	0.0	0.0
26191.26953125	-485.455078125	685982599.6585847	235666.63287734985	n/a	n/a	n/a	n/a	22366.794921875	-266.228515625	500273515.0772133	70877.62253189088	1.0020790000000002	29.498362	0.0803261445	-0.0363071109	n/a	-0.0568802221	-0.035166037000000004	n/a	0.120326335	0.1161887065	0.1093977275	0.0172311	0.006015699999999999	3.618864648999999e-05	0.00029691080721	0.041535	-0.0368269	0.0013562205636099994	0.0017251562250000002	-0.00680599	-0.0080506	6.481216036e-05	4.6321499880099986e-05	0.00170859	-0.00040195000000000015	1.6156380250000008e-07	2.919279788100001e-06	0.000476838	0.00017744000000000004	3.1484953600000025e-08	2.2737447824400006e-07	-4.49368e-06	-9.26889e-06	2.01931599424e-11	8.591232183209999e-11	0.0	0.0	0.0
26142.712890625	-48.556640625	683441437.2816505	2357.7473487854004	n/a	n/a	n/a	n/a	22266.720703125	-100.07421875	495806850.8709755	10014.849258422852	0.638211	18.787127	0.1320419315	-0.0021345589000000002	n/a	-0.0614787075	-0.05017161690000002	n/a	0.1198669825	0.1143757435	0.10540925529999999	3.36525e-05	-0.0171974475	0.0002957522005152563	1.1324907562499998e-09	-0.00515732	-0.04669232	0.0021801727469824	2.65979495824e-05	0.00932694	0.01613293	0.0002602714303849	8.699180976360001e-05	0.0010384	-0.00067019	4.491546361e-07	1.0782745600000002e-06	0.000425026	-5.1812000000000045e-05	2.6844833440000037e-09	1.80647100676e-07	0.00031388900000000003	0.00031838267999999997	9.852630432100002e-08	1.0136753092398241e-07	0.0	0.0	0.0
26578.857421875	436.14453125	706435661.8523598	190222.05213928226	n/a	n/a	n/a	n/a	22561.00390625	294.283203125	508998897.25782776	86602.60364151001	1.0755940000000002	31.662426	0.1873915086	-0.0440497092	n/a	-0.20677793079999998	-0.0410101469	n/a	0.11934271980000001	0.112315068	0.1009072399	7.33011e-05	3.964860000000001e-05	1.5720114819600005e-09	5.3730512612100015e-09	0.07062389999999999	0.07578121999999997	0.005742793304688397	0.004987735251209997	-0.0308024	-0.04012934	0.0016103639288356	0.0009487878457600001	0.00195872	0.00092032	8.469889024000002e-07	3.836584038400002e-06	0.000425026	0.0	0.0	1.80647100676e-07	-0.000194617	-0.0005085059999999999	3.7875776689e-08	2.5857835203600005e-07	0.0	0.0	0.0
26565.06640625	-13.791015625	705702753.1684723	190.19211196899414	n/a	n/a	n/a	n/a	22793.03125	232.02734375	519522273.56347656	53836.68824768066	1.368895	40.296375	0.04371201040000002	-0.0029492895	n/a	0.054440656500000004	0.0488992454	n/a	0.11875383099999999	0.1100111431	0.0959136145	9.47065e-05	2.140539999999999e-05	4.5819114915999964e-10	8.969321142249999e-09	0.0727817	0.0021578000000000157	4.656100840000067e-06	0.005297175854890001	-0.012726500000000005	0.018075899999999995	0.00032673816080999984	0.00016196380225000012	0.00166063	-0.0002980900000000002	8.885764810000012e-08	2.7576919969e-06	0.000425026	0.0	0.0	1.80647100676e-07	-2.35689e-05	0.0001710481	5.554930472099999e-10	2.9257452513610005e-08	0.0	0.0	0.0
26282.02734375	-283.0390625	690744961.2976228	80111.11090087889	n/a	n/a	n/a	n/a	22472.21484375	-320.81640625	505000439.9836578	102923.16651916504	0.98703	29.055363	0.0696991123	-0.0010043571	n/a	-0.027759958199999997	0.0050307809	n/a	0.1181006348	0.1074689586	0.0904527076	7.32992e-05	-2.1407299999999987e-05	4.5827249328999946e-10	5.372772720640001e-09	0.050669699999999984	-0.022112000000000014	0.0004889405440000006	0.0025674184980899986	-0.0263933	-0.013666799999999993	0.0001867814222399998	0.0006966062848899999	0.00216756	0.0005069299999999998	2.569780248999998e-07	4.698316353599998e-06	0.000425026	0.0	0.0	1.80647100676e-07	-0.000194617	-0.0001710481	3.7875776689e-08	2.9257452513610005e-08	0.0	0.0	0.0
26400.7890625	118.76171875	697001663.1226196	14104.345840454102	n/a	n/a	n/a	n/a	22545.4609375	73.24609375	508297808.8843384	5364.990249633789	0.588751	17.331152	0.0637165	-0.0074327931000000005	n/a	0.049036165599999994	0.0547210683	n/a	0.1173834851	0.1046940202	0.0845511243	7.32992e-05	0.0	0.0	5.372772720640001e-09	0.0804961	0.029826400000000013	0.0008896141369600006	0.00647962211521	-0.0263372	5.609999999999644e-05	3.1472099999996e-09	0.0006936481038400001	0.00149088	-0.0006766799999999997	4.578958223999997e-07	2.2227231744e-06	0.000425026	0.0	0.0	1.80647100676e-07	-0.000194617	0.0	3.7875776689e-08	0.0	0.0	0.0	0.0
26322.685546875	-78.103515625	692883774.399662	6100.159152984619	n/a	n/a	n/a	n/a	22394.642578125	-150.818359375	501520016.2019692	22746.17752456665	0.528996	15.572151000000002	0.0846541503	-0.0217553915	n/a	0.1040083123	0.0456025049	n/a	0.1166027702	0.10169233800000001	0.07823761629999999	7.32995e-05	2.999999999938816e-10	8.999999999632892e-20	5.3728167002499995e-09	0.113376	0.032879900000000004	0.0010810878240100003	0.012854117376000002	0.0169225	0.0432597	0.00187140164409	0.00028637100625	0.00166117	0.00017029000000000002	2.8998684100000007e-08	2.7594857689e-06	0.000425027	9.999999999615353e-10	9.999999999230703e-19	1.8064795072899999e-07	-0.000194617	0.0	3.7875776689e-08	0.0	0.0	0.0	0.0
26254.26953125	-68.416015625	689286668.6195222	4680.751194000244	n/a	n/a	n/a	n/a	22373.876953125	-20.765625	500590369.913578	431.211181640625	0.762796	22.454559	0.1399598458	0.0414165311	n/a	-0.0201121311	-0.0360141725	n/a	0.11575891279999999	0.0984704127	0.07154294259999999	8.06153e-05	7.315799999999995e-06	5.352092963999993e-11	6.498826594089999e-09	0.0516257	-0.061750300000000015	0.003813099550090001	0.0026652129004899995	-0.0234072	-0.0403297	0.0016264847020899995	0.00054789701184	0.0019542	0.00029303000000000017	8.586658090000008e-08	3.818897640000002e-06	0.00017728400000000002	-0.0002477429999999999	6.137659404899996e-08	3.1429616656000006e-08	2.20606e-05	0.0002166776	4.8667007236e-10	4.694918234176e-08	0.0	0.0	0.0
25905.927734375	-348.341796875	671117091.7786598	121342.00745010375	n/a	n/a	n/a	n/a	22279.59375	-94.283203125	496380297.6650391	8889.32239151001	0.7953099999999999	23.411659	0.1259846255	0.033108224	n/a	0.054810346100000004	-0.1003264837	n/a	0.1148523699	0.0950352225	0.0644997188	8.20128e-05	1.3975000000000082e-06	1.9530062500000233e-12	6.72609936384e-09	0.0609415	0.0093158	8.678412963999999e-05	0.00371386642225	0.0143536	0.0377608	0.0014258780166399995	0.00020602583296	0.0007776509999999998	-0.0011765490000000007	1.3842675494010006e-06	6.047410778009996e-07	5.05784e-06	-0.00017222616000000005	2.9661850188345604e-08	2.5581745465599995e-11	0.000251418	0.00022935740000000002	6.3211010724e-08	5.260481693476e-08	0.0	0.0	0.0
26503.00390625	597.076171875	702409216.0547028	356499.95502090454	n/a	n/a	n/a	n/a	22266.359375	-13.234375	495790759.8166504	175.148681640625	0.992727	29.223047	0.1202090924	0.09421003210000001	n/a	0.1016749937	0.0669433073	n/a	0.1138836324	0.09139420710000001	0.0571422589	8.20682e-05	5.53999999999995e-08	3.0691599999999447e-15	6.7351894512400004e-09	-0.00322133	-0.06416282999999999	0.0041168687536088985	1.03769669689e-05	-0.00518299	-0.01953659	0.0003816783488281	2.68633853401e-05	0.00142916	0.0006515090000000003	4.244639770810004e-07	2.0424983056e-06	-2.04525e-05	-2.551034e-05	6.507774469156002e-10	4.1830475625000006e-10	0.000198245	-5.3173e-05	3.9301080025e-08	2.8273679290000007e-09	0.0	0.0	0.0
26381.66796875	-121.3359375	695992404.8133698	14722.409729003906	n/a	n/a	n/a	n/a	22292.638671875	26.279296875	496961738.9547768	690.6014442443848	0.7482229999999999	22.025555	0.08243573679999999	0.048730931100000006	n/a	0.09157532630000001	0.0391061839	n/a	0.11285322490000001	0.08755525230000001	0.049506407599999996	0.00674131	0.006659241800000001	4.4345501350867244e-05	4.5445260516100015e-05	-0.00321071	1.0620000000000247e-05	1.1278440000000524e-10	1.0308658704099997e-05	0.00784604	0.01302903	0.0001697556227409	6.156034368160001e-05	0.000303636	-0.001125524	1.2668042745760003e-06	9.2194820496e-08	5.55874e-05	7.60399e-05	5.782066392010001e-09	3.0899590387599994e-09	0.000251418	5.3173e-05	6.3211010724e-08	2.8273679290000007e-09	0.0	0.0	0.0
26017.80859375	-363.859375	676926364.0210114	132393.64477539062	n/a	n/a	n/a	n/a	22146.541015625	-146.09765625	490469278.95676035	21344.525161743164	0.7951599999999999	23.407249	0.079632884	0.1166210099	n/a	0.0827753083	-0.0416767589	n/a	0.1117617054	0.0835266722	0.041629366099999995	0.000101736	-0.0066395740000000005	4.4083942901476005e-05	1.0350213696e-08	-0.010479	-0.00726829	5.28280395241e-05	0.000109809441	-0.0123171	-0.020163140000000003	0.0004065522146596001	0.00015171095241000004	0.000791873	0.000488237	2.3837536816900004e-07	6.270628481290001e-07	0.000478588	0.00042300059999999997	1.7892950760036003e-07	2.29046473744e-07	0.000251418	0.0	6.3211010724e-08	0.0	0.0	0.0	0.0
26539.107421875	521.298828125	704324222.7498207	271752.4682044983	n/a	n/a	n/a	n/a	22403.9296875	257.388671875	501936065.4424439	66248.92840957643	1.074354	31.625917	0.111139065	0.0296641598	n/a	0.0242600231	0.0553875969	n/a	0.110609665	0.07931719200000001	0.0335495105	9.077600000000004e-05	-1.0959999999999963e-05	1.201215999999992e-10	8.240282176000007e-09	-0.0249606	-0.0144816	0.00020971673856	0.00062303155236	0.0195795	0.031896600000000004	0.0010173930915599997	0.00038335682025000004	0.00018195	-0.0006099230000000001	3.720060659290001e-07	3.3105802500000004e-08	-2.04525e-05	-0.0004990405	2.4904142064025e-07	4.1830475625000006e-10	6.53834e-05	-0.0001860346	4.27498899556e-09	3.460887239716e-08	0.0	0.0	0.0
26179.390625	-359.716796875	685360493.4963379	129396.17395401	n/a	n/a	n/a	n/a	22463.361328125	59.431640625	504602602.15790176	3532.1199073791504	0.6971569999999999	20.522327	0.108317224	0.0221176621	n/a	0.014177344	-0.0233526847	n/a	0.1093977275	0.0749359284	0.025306205099999996	0.00662077	0.006529994	4.2640821640035995e-05	4.38345953929e-05	0.00747645	0.03243705	0.0010521622127025	5.58973046025e-05	-0.0251606	-0.0447401	0.00200167654801	0.0006330557923599999	0.000488117	0.000306167	9.3738231889e-08	2.38258205689e-07	-2.04525e-05	0.0	0.0	4.1830475625000006e-10	0.000251418	0.0001860346	6.3211010724e-08	3.460887239716e-08	0.0	0.0	0.0
26356.91796875	177.52734375	694687124.8114166	31515.957778930664	n/a	n/a	n/a	n/a	22568.482421875	105.12109375	509336398.82648087	11050.444351196289	0.592603	17.444546	0.066147745	-0.0537350359	n/a	0.0274206019	0.015765033799999998	n/a	0.1081265492	0.0703923703	0.0169396104	-0.00262446	-0.00924523	8.54742777529e-05	6.887790291599998e-06	0.00748485	8.400000000000421e-06	7.056000000000707e-11	5.60229795225e-05	-0.0088015	0.016359099999999998	0.00026762015280999994	7.746640225e-05	-4.21832e-05	-0.0005303002	2.8121830212004e-07	1.7794223622400001e-09	-2.04525e-05	0.0	0.0	4.1830475625000006e-10	-2.89821e-05	-0.00028040009999999997	8.399621204100001e-10	7.862421608001001e-08	0.0	0.0	0.0
26136.3984375	-220.51953125	683111323.2837523	48628.86366271973	n/a	n/a	n/a	n/a	22258.716796875	-309.765625	495450473.44348526	95954.74243164062	0.994163	29.265341	0.048124932	-0.0480500821	n/a	-0.008309795600000001	-0.0332219813	n/a	0.1067968184	0.065696358	0.0084904876	0.000131042	0.002755502	7.592791272003999e-06	1.7172005764e-08	0.00748593	1.0799999999996576e-06	1.1663999999992606e-12	5.60391479649e-05	-0.02228	-0.0134785	0.00018166996225000006	0.0004963983999999999	4.279140000000001e-05	8.497459999999999e-05	7.220682645160001e-09	1.8311039139600005e-09	0.000399865	0.0004203175	1.7666680080625005e-07	1.59892018225e-07	-0.000161487	-0.00013250489999999999	2.6078051169000004e-08	1.7557548524010003e-08	0.0	0.0	0.0
26635.3125	498.9140625	709439871.9726562	248915.2417602539	n/a	n/a	n/a	n/a	22578.544921875	319.828125	509790690.78912735	102290.02954101562	0.964156	28.382006	0.072888703	-0.0401244038	n/a	0.0443445643	0.0787372042	n/a	0.10540925529999999	0.0608580619	0.0	0.000111219	-1.9823000000000007e-05	3.9295132900000016e-10	1.2369665960999998e-08	0.0120738	0.004587869999999999	2.1048551136899996e-05	0.00014577664643999994	-0.00876957	0.01351043	0.0001825317187849	7.690535798490002e-05	0.000696832	0.0006540405999999999	4.2776910644836007e-07	4.85574836224e-07	0.000232967	-0.000166898	2.785494240400001e-08	5.4273623089e-08	0.000112986	0.000274473	1.2765836196000002e-08	7.533542772900001e-08	0.0	0.0	0.0
26416.013671875	-219.298828125	697805778.3126869	48091.97601699829	n/a	n/a	n/a	n/a	22512.0078125	-66.537109375	506790495.750061	4427.186923980713	1.05281	30.991735	0.17308861109999998	-0.0174715854	n/a	-0.1306929097	-0.0342512782	n/a	0.10396461130000001	0.0558879609	-0.0084904876	1.15979e-05	-9.962110000000001e-05	9.92436356521e-09	1.3451128440999998e-10	0.103835	0.0917612	0.008420117825439999	0.010781707225	-0.055309400000000015	-0.04653983	0.002165955776428901	0.003059129728360001	0.00107739	0.00038055799999999986	1.448243913639999e-07	1.1607692120999995e-06	0.000532768	0.000299801	8.9880639601e-08	2.83841741824e-07	9.95858e-05	-1.34002e-05	9.91733156164e-09	1.7956536004000004e-10	0.0	0.0	0.0
26800.236328125	384.22265625	718252667.243351	147627.04957580563	n/a	n/a	n/a	n/a	22744.4453125	232.4375	517309792.5733032	54027.19140625	0.969771	28.547306	0.17607979769999998	-0.09985871710000001	n/a	-0.0926190707	0.10113751369999999	n/a	0.1024636685	0.05079681900000002	-0.0169396104	1.24556e-05	8.577000000000003e-07	7.356492900000005e-13	1.5514197136e-10	0.0480235	-0.055811499999999986	0.0031149235322499988	0.0023062565522500005	-0.0100322	0.04527720000000001	0.002050024839840001	0.00010064503684000001	3.66429e-05	-0.0010407471	1.0831545261584098e-06	1.34270212041e-09	7.371029999999999e-05	-0.0004590577	2.1073397192929e-07	5.4332083260899994e-09	9.95858e-05	0.0	9.91733156164e-09	0.0	0.0	0.0	0.0
26274.7578125	-525.478515625	690362898.1055298	276127.67038345337	n/a	n/a	n/a	n/a	22494.611328125	-249.833984375	506007538.8034097	62417.019748687744	0.7868629999999999	23.162998	0.0560682856	-0.0811599759	n/a	-0.0273561404	-0.0350109368	n/a	0.1009072399	0.0455956625	-0.025306205099999996	1.236e-05	-9.559999999999957e-08	9.139359999999916e-15	1.527696e-10	0.048031300000000006	7.800000000002251e-06	6.08400000000351e-11	0.0023070057796900005	-0.0287181	-0.018685900000000002	0.00034916285880999987	0.00082472926761	0.0007326489999999999	0.0006960060999999999	4.844244912372099e-07	5.367745572009999e-07	0.000125194	5.1483699999999996e-05	2.65057136569e-09	1.5673537636000002e-08	9.95858e-05	0.0	9.91733156164e-09	0.0	0.0	0.0	0.0
26311.271484375	36.513671875	692283007.124485	1333.248233795166	n/a	n/a	n/a	n/a	22390.3828125	-104.228515625	501329242.4902954	10863.583469390871	0.766688	22.569126	0.19653942	-0.08439246019999999	n/a	0.048133572400000005	-0.0021989887	n/a	0.0992961682	0.040295756	-0.0335495105	0.00268974	0.00267738	7.168363664400001e-06	7.2347012676e-06	-0.0456194	-0.09365069999999999	0.00877045361049	0.0020811296563600003	0.0158983	0.0446164	0.00199062314896	0.00025275594289000003	-0.000145976	-0.000878625	7.719818906249998e-07	2.1308992576e-08	-3.69296e-05	-0.0001621236	2.6284061676960003e-08	1.36379535616e-09	2.84356e-05	-7.115020000000001e-05	8.0858334736e-10	5.062350960040001e-09	0.0	0.0	0.0
26141.73828125	-169.533203125	683390480.3653718	28741.506961822513	n/a	n/a	n/a	n/a	22273.013671875	-117.369140625	496087138.0275306	13775.515171051024	1.128248	33.212402000000004	0.20656482314	0.0752200928	n/a	-0.0475355184	-0.0626450152	n/a	0.0976313259	0.0349085778	-0.041629366099999995	-8.23314e-06	-0.00269797314	7.279059064161459e-06	6.77845942596e-11	0.0984087	0.1440281	0.02074409358961	0.00968427223569	-0.00321775	-0.01911605	0.00036542336760250017	1.03539150625e-05	0.000438388	0.000584364	3.4148128449599995e-07	1.92184038544e-07	-0.00010966	-7.27304e-05	5.28971108416e-09	1.20253156e-08	-0.000128924	-0.0001573596	1.6621397775999998e-08	2.476204371216e-08	0.0	0.0	0.0
26851.34375	709.60546875	720994661.1806642	503539.92127990717	n/a	n/a	n/a	n/a	22592.9375	319.923828125	510440824.8789063	102351.25580215453	1.04555	30.778034	0.12236840563999996	-0.0233043954	n/a	0.0408320141	0.1305974433	n/a	0.0959136145	0.0294457954	-0.049506407599999996	1.03525e-05	1.858564e-05	3.4542601420959997e-10	1.0717425625e-10	0.020163	-0.0782457	0.0061223895684900005	0.000406546569	-0.00316287	5.4880000000000206e-05	3.011814400000023e-09	1.00037466369e-05	-0.000145976	-0.000584364	3.4148128449599995e-07	2.1308992576e-08	-0.00017777099999999996	-6.811099999999996e-05	4.639108320999994e-09	3.1602528440999985e-08	9.95858e-05	0.0002285098	9.91733156164e-09	5.221672869604e-08	0.0	0.0	0.0
25894.1484375	-957.1953125	670506923.3032838	916222.8662719728	n/a	n/a	n/a	n/a	22491.40234375	-101.53515625	505863179.388443	10309.387954711914	1.0372940000000002	30.534990000000004	0.0824983269	-0.0728199606	n/a	-0.0075485382	-0.11647339	n/a	0.0941439642	0.02391924	-0.0571422589	1.59894e-05	5.6369e-06	3.1774641609999995e-11	2.5566091236e-10	0.0568645	0.0367015	0.0013470001022499998	0.00323357136025	-0.0234844	-0.020321530000000004	0.00041296458154090016	0.0005515170433600001	-4.16628e-05	0.0001043132	1.0881243694239999e-08	1.7357889038399998e-09	0.000227309	0.00040508	1.6408980639999995e-07	5.1669381481e-08	9.95858e-05	0.0	9.91733156164e-09	0.0	0.0	0.0	0.0
26715.09375	820.9453125	713696234.0712892	673951.2061157228	n/a	n/a	n/a	n/a	22575.021484375	83.619140625	509631595.01999277	6992.160678863525	0.950421	27.977699	0.034238539299999995	-0.0498062629	n/a	-0.0809528725	0.060671809699999996	n/a	0.0923233333	0.0183408808	-0.0644997188	1.23601e-05	-3.6292999999999993e-06	1.3171818489999993e-11	1.5277207201e-10	0.0532716	-0.003592899999999996	1.2908930409999972e-05	0.00283786336656	-0.0031638	0.020320599999999998	0.0004129267843600001	1.000963044e-05	-0.000145976	-0.0001043132	1.0881243694239999e-08	2.1308992576e-08	0.000125194	-0.000102115	1.0427473225000002e-08	1.5673537636000002e-08	9.95858e-05	0.0	9.91733156164e-09	0.0	0.0	0.0	0.0
26582.21875	-132.875	706614353.6728517	17655.765625	n/a	n/a	n/a	n/a	22552.361328125	-22.66015625	508609001.474308	513.4826812744142	0.9777960000000002	28.783548	0.08190925159999997	-0.06069073360000001	n/a	-0.0713656511	0.021093037000000002	n/a	0.0904527076	0.0127227994	-0.07154294259999999	1.23585e-05	-1.6000000000018147e-09	2.5600000000058054e-18	1.5273252224999998e-10	0.106356	0.05308439999999999	0.0028179535233599988	0.011311598735999998	-0.0185765	-0.015412700000000001	0.00023755132128999997	0.00034508635225	-0.0004142180000000001	-0.000268242	7.195377056400001e-08	1.7157655152400006e-07	0.000125195	1.0000000000157452e-09	1.0000000000314906e-18	1.5673788025000003e-08	9.95858e-05	0.0	9.91733156164e-09	0.0	0.0	0.0	0.0
26410.31640625	-171.90234375	697504812.6782379	29550.415786743164	n/a	n/a	n/a	n/a	22503.337890625	-49.0234375	506400216.21963876	2403.2974243164067	0.850036	25.022655	0.08662266280000001	-0.007698918000000002	n/a	-0.053196509100000004	-0.0010462089	n/a	0.08853310029999999	0.007077163199999998	-0.07823761629999999	1.23763e-05	1.780000000000176e-08	3.168400000000627e-16	1.5317280169e-10	0.063637	-0.042718999999999986	0.0018249129609999996	0.004049667769	-0.00316408	0.01541242	0.0002375426902564	1.00114022464e-05	9.25555e-05	0.0005067735	2.5681938030225e-07	8.566520580249998e-09	0.000188246	6.305099999999998e-05	3.975428600999997e-09	3.5436556516e-08	9.95858e-05	0.0	9.91733156164e-09	0.0	0.0	0.0	0.0
26105.0703125	-305.24609375	681474696.0205687	93175.1777496338	n/a	n/a	n/a	n/a	22302.81640625	-200.521484375	497415619.65089417	40208.86569595337	0.809996	23.843969	0.0720902137	0.050557938499999996	n/a	-0.106703714	-0.1351755381	n/a	0.08656555070000001	0.0014161995	-0.0845511243	0.0113597	0.011347323700000002	0.00012876175515258168	0.00012904278409000002	0.08544969999999999	0.02181269999999999	0.0004757938812899996	0.007301651230089998	-0.028117900000000005	-0.02495382	0.0006226931325924003	0.0007906163004100003	6.074010000000001e-05	-3.181539999999999e-05	1.0122196771599989e-09	3.68935974801e-09	0.000435958	0.00024771200000000003	6.1361234944e-08	1.9005937776400001e-07	9.95858e-05	0.0	9.91733156164e-09	0.0	0.0	0.0	0.0
26103.888671875	-1.181640625	681413003.7936441	1.3962745666503906	n/a	n/a	n/a	n/a	21951.78125	-351.03515625	481880700.0478516	123225.68092346193	0.8889940000000001	26.169449	0.218994175	0.1507925993	n/a	0.1286480168	-0.0476100359	n/a	0.0845511243	-0.0042478315	-0.0904527076	0.0141413	0.0027815999999999987	7.737298559999993e-06	0.00019997636569	-0.00676526	-0.09221495999999997	0.008503598847801597	4.5768742867600014e-05	0.0274121	0.055529999999999996	0.0030835809	0.0007514232264099999	-0.00114078	-0.0012015201	1.44365055070401e-06	1.3013790084e-06	0.000324028	-0.00011193000000000005	1.252832490000001e-08	1.0499414478399998e-07	0.000155488	5.5902199999999974e-05	2.4176518144e-08	3.1250559648399977e-09	0.0	0.0	0.0
25770.671875	-333.216796875	664127528.888916	111033.433719635	n/a	n/a	n/a	n/a	21954.314453125	2.533203125	481991923.10669327	6.4171180725097665	0.983941	28.964432	0.217942965	0.1260613881	n/a	0.0399124765	-0.1608044802	n/a	0.082490912	-0.0099026625	-0.0959136145	0.0109014	-0.0032398999999999987	1.0496952009999993e-05	0.00011884052196	0.078693	0.08545826	0.007303114202227599	0.006192588249	-0.0302643	-0.0576764	0.0033265671169599997	0.00091592785449	7.50296e-05	0.0012158096000000002	1.4781929834521603e-06	5.629440876160001e-09	0.000285688	-3.833999999999999e-05	1.4699555999999992e-09	8.161763334399999e-08	-2.17305e-05	-0.0001772185	4.7221463025e-10	3.140639674225e-08	0.0	0.0	0.0
26549.2265625	778.5546875	704861431.0669557	606147.4014282228	n/a	n/a	n/a	n/a	22575.6640625	621.349609375	509660607.862854	386075.3370704651	1.25441	36.926273	0.07092679500000001	0.06215451480000001	n/a	-0.026799677799999998	-0.004873114600000001	n/a	0.0803860294	-0.015536046599999999	-0.1009072399	0.0108002	-0.0001011999999999992	1.0241439999999841e-08	0.00011664432004000005	0.0704614	-0.008231600000000006	6.77592385600001e-05	0.004964808889959999	-0.0313039	-0.0010395999999999982	1.0807681599999962e-06	0.0009799341552099998	-0.000907775	-0.0009828046	9.659048817811602e-07	8.240554506249998e-07	0.000158721	-0.00012696699999999994	1.6120619088999992e-08	2.5192355841000004e-08	9.95858e-05	0.0001213163	9.91733156164e-09	1.4717644645690003e-08	0.0	0.0	0.0
26981.419921875	432.193359375	727997021.0005531	186791.0998878479	n/a	n/a	n/a	n/a	22753.326171875	177.662109375	517713851.88373184	31563.825107574463	1.038268	30.563652	0.1121118399	-0.1453995891	n/a	-0.1793249832	0.0572932381	n/a	0.07823761629999999	-0.0211357831	-0.10540925529999999	1.23601e-05	-0.0107878399	0.00011637748970803203	1.5277207201e-10	0.136938	0.06647660000000001	0.004419138347560001	0.018752015844	-0.048489099999999986	-0.017185199999999998	0.00029533109903999986	0.0023511928188099987	-0.000588058	0.000319717	1.0221896008899996e-07	3.4581221136400005e-07	0.000125194	-3.352700000000002e-05	1.1240597290000013e-09	1.5673537636000002e-08	9.95858e-05	0.0	9.91733156164e-09	0.0	0.0	0.0	0.0
26821.875	-159.544921875	719412978.515625	25454.582096099854	n/a	n/a	n/a	n/a	22746.05078125	-7.275390625	517382826.1432037	52.93130874633789	1.246435	36.691498	0.2201886869	-0.1133822205	n/a	-0.0406267183	0.12112202529999999	n/a	0.0760468362	-0.0266897442	-0.1093977275	4.2637e-05	3.02769e-05	9.1669067361e-10	1.817913769e-09	0.00642168	-0.13051632	0.017034509786342397	4.12379740224e-05	-0.0291767	0.019312399999999997	0.0003729687937599997	0.0008512798228899999	-0.00158088	-0.000992822	9.85695523684e-07	2.4991815744e-06	0.000125195	1.0000000000157452e-09	1.0000000000314906e-18	1.5673788025000003e-08	-0.000314185	-0.0004137708	9.871221422499998e-08	1.7120627493264e-07	0.0	0.0	0.0
26241.93359375	-579.94140625	688639078.7387848	336332.03468322754	n/a	n/a	n/a	n/a	22347.361328125	-398.689453125	499404558.3297768	158953.28003311154	1.281976	37.737736	0.1130178255	0.0566226128	n/a	-0.103698322	-0.09780723710000001	n/a	0.0738148754	-0.0321859012	-0.11285322490000001	6.35925e-05	2.0955500000000006e-05	4.391329802500002e-10	4.0440060562500005e-09	0.044111	0.037689320000000005	0.0014204848420624006	0.0019457803210000005	-0.0292127	-3.6000000000001316e-05	1.2960000000000942e-09	0.0008533818412900001	-0.0007418909999999997	0.0008389890000000003	7.039025421210005e-07	5.504022558809996e-07	0.000674792	0.000549597	3.02056862409e-07	4.5534424326400004e-07	-0.00019734	0.00011684499999999996	3.89430756e-08	1.3652754024999991e-08	0.0	0.0	0.0
26067.666015625	-174.267578125	679523211.5021706	30369.188785552982	n/a	n/a	n/a	n/a	22211.806640625	-135.5546875	493364354.2405129	18375.073303222656	1.228654	36.168068	0.14661785749999998	0.0710941121	n/a	0.0594547819	-0.0409030207	n/a	0.07154294259999999	-0.0376123508	-0.11575891279999999	0.0127559	0.0126923075	0.00016109466967455631	0.00016271298481	-0.0198579	-0.06396890000000001	0.004092020167210001	0.0003943361924100001	0.00276895	0.03198165	0.0010228259367225	7.6670841025e-06	-0.000648834	9.305699999999969e-05	8.659605248999942e-09	4.209855595560001e-07	0.000125194	-0.000549598	3.02057961604e-07	1.5673537636000002e-08	-0.000314185	-0.00011684499999999996	9.871221422499998e-08	1.3652754024999991e-08	0.0	0.0	0.0
26507.900390625	440.234375	702668783.119297	193806.30493164065	n/a	n/a	n/a	n/a	22573.107421875	361.30078125	509545178.6795082	130538.25453186035	1.141346	33.597996	0.16963645	-0.0134895237	n/a	-0.0392669914	0.0088036258	n/a	0.069232268	-0.0429573403	-0.1181006348	0.0129252	0.00016930000000000067	2.8662490000000238e-08	0.00016706079504000002	0.0721928	0.0920507	0.00847333137049	0.005211800371840001	-0.0403085	-0.04307745	0.0018556666985025	0.0016247751722499998	-0.000140304	0.0005085300000000001	2.586027609000001e-07	1.9685212416e-08	0.000125194	0.0	0.0	1.5673537636000002e-08	-0.000135935	0.00017824999999999994	1.8478324225e-08	3.177306249999999e-08	0.0	0.0	0.0
26581.02734375	73.126953125	706551014.6491853	5347.551273345947	n/a	n/a	n/a	n/a	22590.681640625	17.57421875	510338896.9880714	308.8531646728516	1.106345	32.56765	0.15355076	-0.0729352805	n/a	0.1446300867	0.0866024966	n/a	0.0668841029	-0.0482092939	-0.1198669825	0.00915569	-0.0037695100000000024	1.4209205640100015e-05	8.382665937609999e-05	0.00633006	-0.06586274	0.0043379005203076	4.00696596036e-05	-0.00597024	0.034338259999999995	0.0011791160998275998	3.56437656576e-05	-0.00100421	-0.000863906	7.46333576836e-07	1.0084377241e-06	0.000236578	0.000111384	1.2406395455999996e-08	5.596915008399999e-08	-0.00015225	-1.6314999999999982e-05	2.3180062499999998e-08	2.661792249999994e-10	0.0	0.0	0.0
26240.47265625	-340.5546875	688562405.2234039	115977.49517822266	n/a	n/a	n/a	n/a	22394.54296875	-196.138671875	501515554.77919006	38470.37860488892	0.632897	18.630688	0.08309938339999999	-0.0273562344	n/a	0.0555863376	-0.0030786281	n/a	0.0644997188	-0.053356836799999995	-0.12104935019999999	0.0120382	0.0028825100000000013	8.308863900100008e-06	0.00014491825924000006	4.20416e-05	-0.0062880183999999995	3.9539175398738565e-05	1.76749613056e-09	0.00122347	0.00719371	5.17494635641e-05	1.4968788409e-06	0.00016258	0.00116679	1.3613989041e-06	2.64322564e-08	0.000125194	-0.000111384	1.2406395455999996e-08	1.5673537636000002e-08	-9.57211e-05	5.652889999999997e-05	9.162528985210002e-09	3.1955165352099973e-09	0.0	0.0	0.0
26662.53515625	422.0625	710890780.9582673	178136.75390625	n/a	n/a	n/a	n/a	22382.05859375	-12.484375	500956546.8940582	155.859619140625	0.6463439999999999	19.026541	0.0642248384	0.0050081084	n/a	0.057373788499999995	0.11544014279999999	n/a	0.062080407000000004	-0.0583888207	-0.1216419777	0.0107255	-0.0013127000000000015	1.7231812900000042e-06	0.00011503635024999996	0.0190541	0.0190120584	0.00036145836460501057	0.00036305872681	-0.015937200000000002	-0.017160670000000003	0.00029448859484890015	0.00025399434384000005	-0.000247519	-0.000410099	1.6818118980100005e-07	6.126565536100001e-08	0.000125194	0.0	0.0	1.5673537636000002e-08	2.89681e-05	0.0001246892	8.391508176099997e-10	1.554739659664e-08	0.0	0.0	0.0
25974.50390625	-688.03125	674674853.1757965	473387.0009765625	n/a	n/a	n/a	n/a	22145.4140625	-236.64453125	490419363.9995728	56000.63417053223	1.172578	34.517365000000005	0.099960945	0.1674322148	n/a	0.0676820443	-0.0785684468	n/a	0.0596274776	-0.0632943475	-0.1216419777	0.0123842	0.0016587000000000025	2.7512856900000083e-06	0.00015336840964000006	0.0926809	0.07362679999999999	0.005420905678239999	0.008589749224810001	-0.0126735	0.0032637000000000013	1.0651737690000011e-05	0.00016061760225000006	-0.000585281	-0.000337762	1.1408316864399993e-07	3.42553848961e-07	0.000125194	0.0	0.0	1.5673537636000002e-08	0.000119441	9.04729e-05	1.4266152481e-08	8.185345634410002e-09	0.0	0.0	0.0
25355.15625	-619.34765625	642883948.4619142	383591.5193023681	n/a	n/a	n/a	n/a	21925.755859375	-219.658203125	480738770.00491714	48249.72620010376	1.0452070000000002	30.767916	0.108935	0.10000753009999999	n/a	0.045199264100000004	-0.24334936940000002	n/a	0.0571422589	-0.0680627927	-0.12104935019999999	0.0165023	0.0041181	1.6958747609999995e-05	0.00027232590529000005	0.0475774	-0.045103500000000005	0.00203432571225	0.0022636089907600004	-0.046441	-0.033767500000000006	0.0011402440562500006	0.0021567664810000003	-0.000585281	0.0	0.0	3.42553848961e-07	0.00061657	0.000491376	2.41450373376e-07	3.801585649e-07	0.000146983	2.7541999999999998e-05	2.1604002289e-08	7.585617640000002e-10	0.0	0.0	0.0
26171.28515625	816.12890625	684936166.7297517	666066.3916168213	n/a	n/a	n/a	n/a	22397.787109375	472.03125	501660867.39688486	222813.5009765625	1.0806440000000002	31.811102	0.09909787500000004	-0.0180187305	n/a	0.0007829984	-0.0427398095	n/a	0.0546260966	-0.0726838291	-0.1198669825	0.0106788	-0.0058235000000000006	3.3913152250000014e-05	0.00011403676944	0.08103439999999999	0.033456999999999994	0.0011193708489999996	0.006566573983359999	-0.017901499999999997	0.028539500000000006	0.0008145030602500004	0.00032046370224999985	-0.0007407239999999999	-0.0001554429999999999	2.416252624899997e-08	5.486720441759997e-07	0.000351896	-0.000264674	7.005232627600001e-08	1.2383079481599998e-07	-5.84575e-05	-0.0002054405	3.41727930625e-09	4.220579904025e-08	0.0	0.0	0.0
26706.98046875	535.6953125	713262805.7581941	286969.46783447266	n/a	n/a	n/a	n/a	22578.04296875	180.255859375	509768024.2987213	32492.17483901977	0.8890719999999999	26.171766	0.1366728284	-0.0657589525	n/a	-0.005938169	0.11207479740000001	n/a	0.0520803533	-0.0771474486	-0.1181006348	8.90516e-05	-0.010589748400000001	0.00011214277117530257	7.93018746256e-09	0.0416227	-0.0394117	0.0015532820968899995	0.00173244915529	-0.0540539	-0.0361524	0.0013069960257600002	0.0029218241052100004	-0.00014314200000000002	0.0005975819999999999	3.571042467239999e-07	2.0489632164000007e-08	0.000631142	0.00027924600000000003	7.797832851600001e-08	3.98340224164e-07	7.50941e-05	0.0001335516	5.639123854810001e-09	1.7836029862560002e-08	0.0	0.0	0.0
26082.39453125	-624.5859375	680291304.4837799	390107.5933227539	n/a	n/a	n/a	n/a	22621.953125	43.91015625	511752763.18969727	1928.101821899414	0.8756589999999999	25.776901	0.1052436934	-0.1593408093	n/a	0.045595580499999996	-0.021233471400000002	n/a	0.049506407599999996	-0.0814439838	-0.11575891279999999	0.0163179	0.016228848400000002	0.00026337552039018254	0.00026627386041	0.035312	-0.006310699999999996	3.9824934489999946e-05	0.0012469373440000002	-0.013982499999999998	0.040071400000000014	0.0016057170979600006	0.00019551030624999995	-0.000448265	-0.000305123	9.310004512899998e-08	2.00941510225e-07	0.00111212	0.0004809780000000001	2.313398364840001e-07	1.2368108944000002e-06	0.000141648	6.655389999999999e-05	2.0064155904e-08	4.42942160521e-09	0.0	0.0	0.0
26132.12109375	49.7265625	682887752.8584138	2472.7310180664067	n/a	n/a	n/a	n/a	22232.8984375	-389.0546875	494301772.93218994	151363.54986572266	1.181058	34.766983	0.104057815	0.0187458193	n/a	0.0720692147	-0.0197343345	n/a	0.0469056533	-0.08556412949999999	-0.11285322490000001	0.0162138	-0.00010409999999999932	1.083680999999986e-08	0.00026288731044	0.07592029999999997	0.04060829999999997	0.0016490340288899973	0.005763891952089996	-0.029480900000000008	-0.015498400000000006	0.00024020040256000016	0.0008691234648100002	-2.59862e-05	0.0004222788	1.7831938492944e-07	6.752825904399998e-10	0.0007775639999999999	-0.0003345560000000002	1.1192771713600011e-07	6.046057740959998e-07	-5.84575e-05	-0.0002001055	3.41727930625e-09	4.004221113025e-08	0.0	0.0	0.0
26428.31640625	296.1953125	698455908.0688629	87731.66314697267	n/a	n/a	n/a	n/a	22295.720703125	62.822265625	497099161.6717568	3946.637058258057	0.80174	23.600941	0.126023965	0.0344570945	n/a	-0.0099359501	0.0185038327	n/a	0.0442794988	-0.0894989623	-0.1093977275	0.014044799999999998	-0.0021690000000000025	4.704561000000012e-06	0.00019725640703999994	0.0109904	-0.06492989999999997	0.004215891914009996	0.00012078889215999998	-0.029642	-0.00016109999999999736	2.5953209999999148e-08	0.0008786481640000001	-0.000933798	-0.0009078118	8.241222642192398e-07	8.719787048040001e-07	0.0008441129999999999	6.654899999999995e-05	4.428769400999993e-09	7.125267567689996e-07	0.000142461	0.0002009185	2.0295136521e-08	4.036824364225e-08	0.0	0.0	0.0
26771.47265625	343.15625	716711748.1843414	117756.2119140625	n/a	n/a	n/a	n/a	22405.71875	109.998046875	502016232.7041016	12099.570316314695	0.698004	20.54726	0.108765075	0.0897270493	n/a	0.0216494887	0.09045796390000001	n/a	0.041629366099999995	-0.0932399603	-0.10540925529999999	0.014997299999999996	0.0009525000000000002	9.072562500000004e-07	0.00022491900728999995	0.0464287	0.035438300000000006	0.0012558731068900001	0.0021556241836899995	-0.0656863	-0.0360443	0.00129919156249	0.00431469000769	-0.00054451	0.000389288	1.51545146944e-07	2.964911401e-07	0.00070772	-0.00013639299999999982	1.860305044899996e-08	5.008675984e-07	-5.84575e-05	-0.0002009185	3.41727930625e-09	4.036824364225e-08	0.0	0.0	0.0
26872.0703125	100.59765625	722108162.8799437	10119.888442993164	n/a	n/a	n/a	n/a	22656.576171875	250.857421875	513320443.831974	62929.44610977173	1.157353	34.069191	0.032541379999999995	-0.05942296740000001	n/a	-0.0349992674	0.0916035255	n/a	0.0389566904	-0.09677902140000001	-0.1009072399	0.00287687	-0.012120429999999998	0.00014690482338489995	8.2763809969e-06	0.0505886	0.004159900000000001	1.730476801000001e-05	0.0025592064499600003	-0.06569739999999999	-1.1099999999986121e-05	1.2320999999969188e-10	0.004316148366759999	-0.00054451	0.0	0.0	2.964911401e-07	0.000382721	-0.000324999	1.0562435000100002e-07	1.4647536384100002e-07	-5.84575e-05	0.0	3.41727930625e-09	0.0	0.0	0.0	0.0
25861.01171875	-1011.05859375	668791927.1173247	1022239.4799957277	n/a	n/a	n/a	n/a	22161.8046875	-494.771484375	491145587.006897	244798.8217506409	1.375779	40.49902700000001	0.0774669	0.0872208906	n/a	0.09625618960000001	-0.0978218161	n/a	0.036262919	-0.10010848060000001	-0.0959136145	0.0249771	0.02210023	0.0004884201660528999	0.0006238555244099999	0.0240012	-0.0265874	0.0007068898387599999	0.0005760576014400001	-0.0656813	1.6099999999991118e-05	2.5920999999971413e-10	0.00431403316969	-0.000430199	0.00011431099999999996	1.3067004720999994e-08	1.85071179601e-07	0.000755318	0.0003725970000000001	1.3882852440900007e-07	5.705052811240001e-07	2.98979e-05	8.83554e-05	8.938844244100001e-10	7.80667670916e-09	0.0	0.0	0.0
26762.029296875	901.017578125	716206212.0867957	811832.6760902405	n/a	n/a	n/a	n/a	22426.123046875	264.318359375	502930994.913578	69864.19510269165	0.944189	27.794252	0.12934773500000002	0.0728412564	n/a	0.1521081239	0.1270693648	n/a	0.0335495105	-0.1032211271	-0.0904527076	0.0264988	0.0015217000000000008	2.3155708900000025e-06	0.00070218640144	-0.00425839	-0.02825959	0.0007986044269681	1.81338853921e-05	-0.012012900000000005	0.053668399999999984	0.002880297158559999	0.00014430976641000012	-0.000739355	-0.000309156	9.5577432336e-08	5.46645816025e-07	0.000289486	-0.0004658320000000001	2.1699945222400003e-07	8.380214419599999e-08	-0.000113075	-0.0001429729	1.2785955625e-08	2.0441250134409998e-08	0.0	0.0	0.0
26248.1875	-513.841796875	688967347.0351562	264033.3922157288	n/a	n/a	n/a	n/a	22157.05078125	-269.072265625	490934899.3228912	72399.88412857057	1.146607	33.752842	0.2054040125	0.059919590999999994	n/a	-0.0573421883	-0.018656138200000002	n/a	0.0308179344	-0.10611021970000001	-0.0845511243	0.0309122	0.0044134000000000005	1.9478099560000014e-05	0.00095556410884	0.0790203	0.08327869	0.006935340208116101	0.00624420781209	-0.08076329999999997	-0.06875039999999996	0.004726617500159996	0.006522710626889995	2.32959e-06	0.0007416845900000001	5.500960310434682e-07	5.4269895680999984e-12	0.000419105	0.00012961900000000006	1.680108516100001e-08	1.75649001025e-07	-5.1481399999999985e-06	0.00010792686000000002	2.6503345459599996e-11	1.16482071094596e-08	0.0	0.0	0.0
26605.646484375	357.458984375	707860424.8515358	127776.92551040651	n/a	n/a	n/a	n/a	22411.37109375	254.3203125	502269554.30177313	64678.821350097656	0.966948	28.464195	0.16576959750000006	-0.014959327	n/a	0.0334894902	0.08245697839999999	n/a	0.028069669900000004	-0.1087695012	-0.07823761629999999	0.0268772	-0.004035	1.6281225000000008e-05	0.0007223838798400001	0.02106	-0.05796030000000001	0.0033593963760900013	0.0004435236	-0.0320697	0.04869359999999997	0.002371066680959997	0.0010284656580900001	-0.0009758910000000002	-0.0009782205900000002	9.569155226999485e-07	9.523632438810005e-07	0.000349021	-7.008400000000004e-05	4.9117670560000065e-09	1.2181565844100002e-07	-5.84575e-05	-5.330936e-05	3.41727930625e-09	2.8418878636096e-09	0.0	0.0	0.0
26636.625	30.978515625	709509791.390625	959.6684303283693	n/a	n/a	n/a	n/a	22673.958984375	262.587890625	514108416.02511984	68952.40030288696	0.972779	28.635853000000004	0.1273613	-0.09940450640000001	n/a	-0.043314938399999996	0.0612912172	n/a	0.025306205099999996	-0.11119321210000001	-0.07154294259999999	0.0268715	-5.700000000004312e-06	3.2490000000049174e-11	0.0007220775122499997	0.120024	0.098964	0.009793873296000002	0.014405760576	-0.0357715	-0.0037017999999999977	1.3703323239999988e-05	0.0012796002122499998	-0.000589989	0.00038590200000000025	1.4892035360400019e-07	3.48087020121e-07	0.000241127	-0.00010789399999999998	1.1641115235999996e-08	5.8142230128999994e-08	-5.84575e-05	0.0	3.41727930625e-09	0.0	0.0	0.0	0.0
26803.212890625	166.587890625	718412221.2601662	27751.525302886963	n/a	n/a	n/a	n/a	22494.791015625	-179.16796875	506015622.83664316	32101.161026000977	1.009791	29.725368	0.25106712	-0.0049284334	n/a	0.0641377861	0.1465529827	n/a	0.0225290366	-0.1133761033	-0.0644997188	0.0268313	-4.019999999999718e-05	1.6160399999997735e-09	0.0007199186596900001	-0.0459005	-0.1659245	0.02753093970025	0.00210685590025	-0.00800383	0.02776767	0.0007710434972288999	6.40612946689e-05	-0.0012291400000000005	-0.0006391510000000006	4.085140008010007e-07	1.5107851396000013e-06	0.000748671	0.000507544	2.5760091193599994e-07	5.60508266241e-07	-5.84575e-05	0.0	3.41727930625e-09	0.0	0.0	0.0	0.0
26046.5703125	-756.642578125	678423825.0440062	572507.9910316467	n/a	n/a	n/a	n/a	22180.75	-314.041015625	491985670.5625	98621.75949478151	1.044872	30.758074	0.229900465	-0.005064331	n/a	-0.033743503700000003	-0.0641040375	n/a	0.0197396682	-0.11531344710000001	-0.0571422589	0.035827099999999994	0.008995799999999995	8.092441763999991e-05	0.0012835810944099994	0.0689698	0.1148703	0.013195185822089998	0.00475683331204	-0.0158632	-0.007859370000000001	6.176969679690003e-05	0.00025164111424000004	-0.000120652	0.0011084880000000006	1.2287456461440013e-06	1.4556905104000004e-08	4.57536e-05	-0.0007029174000000001	4.9409287122276e-07	2.09339191296e-09	-0.000210552	-0.0001520945	4.4332144704e-08	2.313273693025e-08	0.0	0.0	0.0
26645.0	598.4296875	709956025.0	358118.0908813477	n/a	n/a	n/a	n/a	22217.83984375	37.08984375	493632407.322525	1375.656509399414	0.8209139999999999	24.165363	0.117517545	0.0294219535	n/a	-0.0130981943	0.0865089929	n/a	0.0169396104	-0.1170010477	-0.049506407599999996	0.026872000000000004	-0.00895509999999999	8.019381600999983e-05	0.0007221043840000003	0.0240607	-0.044909099999999987	0.00201682726281	0.00057891728449	-0.0298731	-0.0140099	0.00019627729801	0.0008924021036100001	-0.0008819849999999998	-0.0007613329999999999	5.79627936889e-07	7.778975402249998e-07	0.000125195	7.944140000000001e-05	6.310936033960002e-09	1.5673788025000003e-08	-5.84575e-05	0.0001520945	3.41727930625e-09	2.313273693025e-08	0.0	0.0	0.0
26579.310546875	-65.689453125	706459749.1472206	4315.104251861572	n/a	n/a	n/a	n/a	22524.673828125	306.833984375	507360931.06341934	94147.09396743773	0.966892	28.462545	0.07584652499999997	-0.1104997351	n/a	-0.1245260587	-0.0012904227	n/a	0.0141303795	-0.11843525	-0.041629366099999995	0.0268647	-7.300000000005218e-06	5.329000000007621e-11	0.00072171210609	0.08120149999999997	0.057140799999999964	0.0032650710246399962	0.006593683602249995	-0.045350199999999986	-0.015477099999999994	0.0002395406244099998	0.0020566406400399995	-0.0008819849999999998	0.0	0.0	7.778975402249998e-07	0.000125195	0.0	0.0	1.5673788025000003e-08	-0.000122884	-6.442649999999999e-05	1.5100477455999998e-08	4.150773902250001e-09	0.0	0.0	0.0
26381.46484375	-197.845703125	695981687.3020173	39142.92224502564	n/a	n/a	n/a	n/a	22299.919921875	-224.75390625	497286428.5220375	50514.31837463379	1.318493	38.812679	0.10396869999999997	-0.09332918230000001	n/a	0.010397524	0.0833768236	n/a	0.0113134968	-0.11961294800000001	-0.0335495105	0.0268673	2.6000000000019063e-06	6.760000000009913e-12	0.0007218518092900001	0.0171982	-0.06400329999999997	0.004096422410889996	0.00029577808324000003	-0.0261178	0.019232399999999997	0.00036988520975999976	0.00068213947684	-0.00122542	-0.00034343500000000017	1.1794759922500016e-07	1.5016541764000005e-06	0.000125195	0.0	0.0	1.5673788025000003e-08	-0.000194057	-7.1173e-05	3.7658119249e-08	5.065595929000001e-09	0.0	0.0	0.0
25772.5	-608.96484375	664221756.25	370838.18092346186	n/a	n/a	n/a	n/a	21894.208984375	-405.7109375	479356387.05148697	164601.3648071289	1.291591	38.020763	0.066507315	0.1057632519	n/a	0.0078424261	-0.12461923539999999	n/a	0.0084904876	-0.1205315909	-0.025306205099999996	0.0369718	0.0101045	0.00010210092024999997	0.00136691399524	0.0381827	0.0209845	0.00044034924025	0.00145791857929	-0.00687821	0.01923959	0.0003701618233681	4.73097728041e-05	-0.00134223	-0.00011680999999999995	1.3644576099999991e-08	1.8015813729e-06	0.00019636	7.116499999999999e-05	5.064457224999998e-09	3.85572496e-08	-5.84575e-05	0.0001355995	3.41727930625e-09	1.8387224400250004e-08	0.0	0.0	0.0
26035.751953125	263.251953125	677860379.7646523	69301.5908241272	n/a	n/a	n/a	n/a	21823.697265625	-70.51171875	476273762.34164816	4971.9024810791025	0.8946850000000001	26.336988	0.05026979	0.1369062814	n/a	0.07767364019999999	-0.0170189688	n/a	0.005662880699999999	-0.1211891893	-0.0169396104	0.0363737	-0.0005981000000000043	3.57723610000005e-07	0.0013230460516899993	0.0215377	-0.016645	0.00027705602500000003	0.00046387252129	-0.0147948	-0.007916589999999998	6.267239722809998e-05	0.00021888610704	-0.00124498	9.725000000000013e-05	9.457562500000022e-09	1.5499752004e-06	-0.000208592	-0.000404952	1.6398612230399998e-07	4.351062246400001e-08	-5.84575e-05	0.0	3.41727930625e-09	0.0	0.0	0.0	0.0
25920.96484375	-114.787109375	671896418.4309236	13176.080478668213	n/a	n/a	n/a	n/a	22052.009765625	228.3125	486291134.7032204	52126.59765625	1.277579	37.608299	0.192320825	-0.036795470499999997	n/a	-0.1917134309	-0.1699074765	n/a	0.0028322072	-0.1215843189	-0.0084904876	0.0389346	0.0025609000000000053	6.558208810000025e-06	0.00151590307716	0.120708	0.0991703	0.00983474840209	0.014570421264	-0.0422618	-0.027467000000000002	0.0007544360890000003	0.0017860597392400004	-0.00170767	-0.0004626900000000002	2.1408203610000018e-07	2.9161368289000006e-06	0.000407337	0.000615929	3.79368533041e-07	1.6592343156899994e-07	0.000125376	0.00018383349999999998	1.5719141376000005e-08	3.379475572225e-08	0.0	0.0	0.0
26180.39453125	259.4296875	685413057.8119049	67303.76275634767	n/a	n/a	n/a	n/a	22404.861328125	352.8515625	501977811.1325112	124504.2251586914	1.346058	39.62413	0.155691216	-0.0536840057	n/a	-0.013565375400000001	0.0021793027	n/a	0.0	-0.1217161239	-0.0	0.0379359	-0.0009986999999999982	9.974016899999964e-07	0.0014391325088099999	-0.000585141	-0.121293141	0.01471202605364588	3.4238998988099997e-07	-0.0383529	0.0039089	1.5279499210000002e-05	0.0014709449384100002	-0.00144633	0.0002613400000000001	6.829859560000003e-08	2.0918704689e-06	0.000262701	-0.00014463599999999996	2.091957249599999e-08	6.901181540100001e-08	-5.84575e-05	-0.00018383349999999998	3.41727930625e-09	3.379475572225e-08	0.0	0.0	0.0
26230.705078125	50.310546875	688049888.8955728	2531.1511268615727	n/a	n/a	n/a	n/a	22075.544921875	-329.31640625	487329683.5977211	108449.29542541504	1.1580700000000002	34.090294	0.094324891	-0.035441221099999996	n/a	-0.1505920221	-0.0334795807	n/a	-0.0028322072	-0.1215843189	0.0084904876	0.0435619	0.005625999999999999	3.165187599999999e-05	0.00189763913161	0.0532127	0.053797840999999985	0.00289420769626128	0.00283159144129	-0.0540773	-0.0157244	0.00024725675536000003	0.0029243543752899997	-0.00169013	-0.0002438	5.9438439999999974e-08	2.8565394169e-06	0.000402434	0.00013973299999999999	1.9525311289000006e-08	1.61953124356e-07	-5.84575e-05	0.0	3.41727930625e-09	0.0	0.0	0.0	0.0
26110.880859375	-119.82421875	681778099.2524757	14357.843399047852	n/a	n/a	n/a	n/a	22198.19140625	122.646484375	492759701.70851135	15042.16012954712	1.393792	41.02927	0.208699125	-0.034440264500000005	n/a	0.025643993900000002	0.0175850288	n/a	-0.005662880699999999	-0.1211891893	0.0169396104	0.0268378	-0.016724100000000002	0.00027969552081000005	0.0007202675088399999	-0.0225616	-0.07577429999999999	0.005741744540489997	0.0005090257945599999	-0.0101261	0.043951199999999996	0.00193170798144	0.00010253790121000003	-0.00211455	-0.00042442000000000017	1.8013233640000015e-07	4.471321702500002e-06	-0.000208592	-0.000611026	3.7335277267600004e-07	4.351062246400001e-08	-0.000468002	-0.0004095445	2.1902587200399998e-07	1.6772669748025e-07	0.0	0.0	0.0
25119.19140625	-991.689453125	630973776.9038239	983447.9714393616	n/a	n/a	n/a	n/a	21638.9453125	-559.24609375	468243954.2373657	312756.1933746338	1.439463	42.373684	0.13291315	0.0895638607	n/a	0.12295054609999999	-0.1733442852	n/a	-0.0084904876	-0.1205315909	0.025306205099999996	0.026867900000000004	3.0100000000005126e-05	9.060100000003085e-10	0.0007218840504100003	0.0053331	0.0278947	0.0007781142880899999	2.8441955610000006e-05	-0.07915080000000001	-0.06902470000000001	0.004764409210090001	0.006264849140640001	-0.0016241	0.0004904500000000001	2.405412025000001e-07	2.6377008100000004e-06	2.0231e-05	0.000228823	5.2359965329000004e-08	4.09293361e-10	-0.000468002	0.0	2.1902587200399998e-07	0.0	0.0	0.0	0.0
26503.171875	1383.98046875	702418119.435791	1915401.9378814697	n/a	n/a	n/a	n/a	22496.138671875	857.193359375	506076255.1442299	734780.455356598	1.976334	58.177662	0.27612685	-0.035793859500000004	n/a	-0.1147131063	0.05237184	n/a	-0.0113134968	-0.11961294800000001	0.0335495105	0.0220006	-0.004867300000000005	2.369060929000005e-05	0.00048402640036	0.091571	0.08623789999999999	0.007436975396410001	0.008385248041	-0.07189780000000001	0.0072529999999999956	5.260600899999994e-05	0.005169293644840003	-0.00409484	-0.00247074	6.1045561475999986e-06	1.67677146256e-05	-0.0007220319999999997	-0.0007422629999999997	5.509543611689996e-07	5.213302090239996e-07	-0.000125632	0.00034236999999999994	1.5783399424e-08	1.1721721689999996e-07	1.0	0.0	0.0
26677.912109375	174.740234375	711710994.5155373	30534.14950942993	n/a	n/a	n/a	n/a	22671.6171875	175.478515625	514002225.8965454	30792.70944595337	0.628875	18.512289000000006	0.165716975	-0.106480533	n/a	-0.1283147461	0.09773265130000001	n/a	-0.0141303795	-0.11843525	0.041629366099999995	0.0268856	0.0048850000000000005	2.3863225000000007e-05	0.0007228354873599999	0.0535678	-0.0380032	0.00144424321024	0.00286950919684	-0.0789475	-0.007049699999999992	4.969827008999989e-05	0.006232707756250001	-0.0024205	0.00167434	2.8034144356e-06	5.858820249999998e-06	-0.000233773	0.00048825899999999973	2.383968510809997e-07	5.4649815528999995e-08	2.73505e-05	0.0001529825	7.480498502500001e-10	2.340364530625e-08	0.0	0.0	0.0
26737.41015625	59.498046875	714889101.8635406	3540.0175819396973	n/a	n/a	n/a	n/a	22700.580078125	28.962890625	515316335.8833656	838.8490333557129	0.984208	28.972292	0.13935820000000002	-0.1819356768	n/a	0.0460379438	0.1647174263	n/a	-0.0169396104	-0.1170010477	0.049506407599999996	0.0344555	0.007569900000000002	5.730338601000002e-05	0.00118718148025	-0.010674500000000002	-0.0642423	0.00412707310929	0.00011394495025000004	-0.0386239	0.0403236	0.0016259927169600002	0.00149180565121	-0.00225046	0.00017003999999999975	2.8913601599999923e-08	5.0645702116e-06	0.000140635	0.000374408	1.4018135046400002e-07	1.9778203225000004e-08	2.73505e-05	0.0	7.480498502500001e-10	0.0	0.0	0.0	0.0
25730.271484375	-1007.138671875	662046870.6596413	1014328.3043861388	n/a	n/a	n/a	n/a	21927.66796875	-772.912109375	480822622.5477448	597393.1288185121	1.837374	54.087063	0.117375145	0.0922011238	n/a	0.0207513132	-0.0767080295	n/a	-0.0197396682	-0.11531344710000001	0.0571422589	0.0432944	0.008838900000000005	7.812615321000007e-05	0.0018744050713600004	0.00550742	0.016181920000000002	0.0002618545348864001	3.03316750564e-05	-0.101347	-0.0627231	0.0039341872736100006	0.010271214409	-0.00224308	7.3799999999999725e-06	5.4464399999999605e-11	5.031407886400002e-06	-0.000317547	-0.00045818199999999996	2.09930745124e-07	1.00836097209e-07	0.000154413	0.0001270625	2.3843374569e-08	1.614487890625e-08	0.0	1.0	0.0
26270.830078125	540.55859375	690156512.9937173	292203.59327697754	n/a	n/a	n/a	n/a	22135.47265625	207.8046875	489979149.7155914	43182.788146972656	1.203149	35.417294	0.14155802	-0.0004733898	n/a	0.06501224309999999	0.044338017599999995	n/a	-0.0225290366	-0.1133761033	0.0644997188	0.0517875	0.008493099999999995	7.213274760999994e-05	0.00268194515625	-0.0263296	-0.03183702	0.0010135958424804	0.0006932478361599999	-0.035611500000000004	0.0657355	0.0043211559602499994	0.0012681789322500005	-0.00272592	-0.00048284	2.331344656e-07	7.4306398464000015e-06	-0.000182388	0.00013515899999999998	1.8267955281000005e-08	3.3265382544e-08	0.000246262	9.184900000000002e-05	6.0644972644e-08	8.436238801000004e-09	0.0	0.0	0.0
25613.8671875	-656.962890625	656070192.2988893	431600.2396583557	n/a	n/a	n/a	n/a	21709.861328125	-425.611328125	471318078.8864174	181145.00262832642	1.339261	39.424042	0.15139681	0.10149332609999999	n/a	0.045340402300000006	-0.1051046875	n/a	-0.025306205099999996	-0.11119321210000001	0.07154294259999999	0.0493522	-0.0024353000000000014	5.930686090000008e-06	0.0024356396448400003	-0.00019479	0.02613481	0.0006830282937360999	3.79431441e-08	-0.100816	-0.0652045	0.00425162682025	0.010163865856	-0.00239546	0.0003304600000000003	1.0920381160000019e-07	5.7382286115999984e-06	0.000226315	0.000408703	1.6703814220899996e-07	5.1218479225e-08	0.0006595430000000001	0.000413281	4.3499696884900005e-07	1.7080118496100007e-07	0.0	0.0	0.0
25695.474609375	81.607421875	660257415.4010353	6659.7713050842285	n/a	n/a	n/a	n/a	22055.953125	346.091796875	486465068.25219727	119779.53186416625	1.176774	34.640869	0.17501825999999998	0.0048071852	n/a	0.0805860712	-0.0532217379	n/a	-0.028069669900000004	-0.1087695012	0.07823761629999999	0.0469075	-0.002444700000000001	5.976558090000005e-06	0.00220031355625	-0.035301599999999995	-0.035106809999999995	0.0012324881083760994	0.0012462029625599994	-0.0217166	0.07909939999999999	0.006256715080359999	0.00047161071556	-0.00264043	-0.00024497000000000017	6.001030090000008e-08	6.9718705849000014e-06	-0.000209244	-0.000435559	1.89711642481e-07	4.3783051536e-08	0.000172725	-0.0004868180000000001	2.9833925625e-08	2.3699176512400012e-07	0.0	0.0	0.0
25912.21875	216.744140625	671443080.5478517	46978.022495269775	n/a	n/a	n/a	n/a	21877.177734375	-178.775390625	478610905.62143326	31960.640293121338	0.7560319999999999	22.255438	0.04057609999999999	0.0435111945	n/a	-0.014606302199999999	-0.0401153809	n/a	-0.0308179344	-0.10611021970000001	0.0845511243	0.053721000000000005	0.006813500000000007	4.6423782250000106e-05	0.0028859458410000005	-0.0199067	0.015394899999999996	0.0002370029460099999	0.00039627670489	-0.031872000000000004	-0.010155400000000005	0.00010313214916000012	0.0010158243840000002	-0.00259637	4.4059999999999846e-05	1.9412835999999864e-09	6.741137176900001e-06	-0.00015931	4.993400000000002e-05	2.4934043560000016e-09	2.53796761e-08	0.000242977	7.0252e-05	5.9037822529000006e-08	4.935343504000001e-09	0.0	0.0	0.0
25985.130859375	72.912109375	675227025.7788429	5316.175693511963	n/a	n/a	n/a	n/a	21976.763671875	99.5859375	482978141.48944473	9917.358947753906	0.6316350000000001	18.593533	0.068458	0.0552504191	n/a	0.1002214519	0.015312978400000003	n/a	-0.0335495105	-0.1032211271	0.0904527076	0.056771	0.0030499999999999967	9.302499999999983e-06	0.0032229464410000004	-0.040523	-0.020616300000000004	0.0004250318256900002	0.0016421135290000002	-0.0349867	-0.003114699999999991	9.701356089999944e-06	0.0012240691768899998	-0.00310108	-0.0005047099999999998	2.547321840999998e-07	9.6166971664e-06	0.000140635	0.00029994500000000003	8.996700302500003e-08	1.9778203225000004e-08	0.000271862	2.8884999999999982e-05	7.390894704400001e-08	8.343432249999988e-10	0.0	0.0	0.0
25771.140625	-213.990234375	664151689.1135254	45791.82040786743	n/a	n/a	n/a	n/a	21924.32421875	-52.439453125	480675992.4488678	2749.8962440490723	0.8067149999999998	23.747395	0.094795145	0.0405889204	n/a	0.017000118600000003	-0.0576835682	n/a	-0.036262919	-0.10010848060000001	0.0959136145	0.0435094	-0.013261600000000005	0.00017587003456000013	0.00189306788836	0.00797631	0.04849931	0.0023521830704761005	6.36215212161e-05	-0.043625	-0.008638300000000002	7.462022689000002e-05	0.001903140625	-0.00340639	-0.00030531000000000004	9.321419610000002e-08	1.16034928321e-05	-1.52457e-05	-0.0001558807	2.429879263249e-08	2.3243136849e-10	0.00029859	2.672800000000001e-05	8.91559881e-08	7.143859840000002e-10	0.0	0.0	0.0
25671.89453125	-99.24609375	659046168.8236238	9849.787124633787	n/a	n/a	n/a	n/a	22073.359375	149.03515625	487233194.0979004	22211.477798461914	0.624398	18.380487	0.134577025	0.031052668399999997	n/a	0.0258947675	-0.072706541	n/a	-0.0389566904	-0.09677902140000001	0.1009072399	0.038561800000000014	-0.0049475999999999895	2.447874575999989e-05	0.0014870124192400006	-0.0396392	-0.04761551	0.0022672367925601	0.0015712661766400001	-0.0720056	-0.028380600000000006	0.0008054584563600004	0.005184806431360001	-0.00361597	-0.00020958	4.3923776400000005e-08	1.30752390409e-05	-0.000314458	-0.0002992123	8.952800047128998e-08	9.8883833764e-08	-0.000265284	-0.000563874	7.037560065599999e-08	3.17953887876e-07	0.0	0.0	0.0
25690.154296875	18.259765625	659984027.797245	333.41904067993164	n/a	n/a	n/a	n/a	21907.09765625	-166.26171875	479920927.72047424	27642.9591217041	0.713778	21.011595	0.12935464	0.111583595	n/a	-0.00026686419999999997	-0.1036949793	n/a	-0.041629366099999995	-0.0932399603	0.10540925529999999	0.0588854	0.0203236	0.00041304871695999984	0.003467490333160001	-0.00180361	0.03783559	0.0014315318706481005	3.2530090321e-06	-0.07643719999999997	-0.004431599999999965	1.96390785599997e-05	0.005842645543839995	-0.00288871	0.00072726	5.289071076e-07	8.3446454641e-06	0.000140635	0.00045509300000000006	2.07109638649e-07	1.9778203225000004e-08	-0.00011236	0.00015292400000000006	1.26247696e-08	2.3385749776000008e-08	0.0	0.0	0.0
25521.748046875	-168.40625	651359623.3681679	28360.6650390625	n/a	n/a	n/a	n/a	21835.111328125	-71.986328125	476772086.7116127	5182.031436920166	0.8699479999999999	25.608784	0.08027966	0.1101732906	n/a	0.0488240105	-0.11961027390000001	n/a	-0.0442794988	-0.0894989623	0.1093977275	0.0592856	0.0004001999999999964	1.6016003999999713e-07	0.0035147823673599998	0.0277459	0.02954951	0.0008731735412401	0.0007698349668100001	-0.06480040000000001	0.01163679999999996	0.00013541511423999908	0.004199091840160001	-0.00326522	-0.00037651	1.4175978010000004e-07	1.06616616484e-05	0.000140635	0.0	0.0	1.9778203225000004e-08	0.000284993	0.00039735300000000003	8.122101004899999e-08	1.5788940660899994e-07	0.0	0.0	0.0
25903.474609375	381.7265625	670989996.8385353	145715.1685180664	n/a	n/a	n/a	n/a	22024.455078125	189.34375	485076621.4883461	35851.0556640625	1.008067	29.674631	0.1384491	0.0745810658	n/a	-0.0473673163	-0.0684064658	n/a	-0.0469056533	-0.08556412949999999	0.11285322490000001	0.0593466	6.099999999999856e-05	3.720999999999824e-09	0.00352201893156	-0.016253999999999998	-0.0439999	0.0019359912000099996	0.0002641925159999999	-0.08533019999999998	-0.020529799999999973	0.0004214726880399989	0.007281243032039997	-0.00380215	-0.0005369299999999997	2.8829382489999966e-07	1.4456344622499996e-05	-0.000265473	-0.000406108	1.6492370766400006e-07	7.047591372900001e-08	-0.000249137	-0.0005341300000000001	6.206924476900001e-08	2.852948569000001e-07	0.0	0.0	0.0
26492.4296875	588.955078125	701848830.7471312	346868.08404922485	n/a	n/a	n/a	n/a	22135.4453125	110.990234375	489977939.1826782	12318.832126617432	1.1028440000000002	32.464596	0.03797193805	0.06096735530000001	n/a	0.0597313205	0.1473281356	n/a	-0.049506407599999996	-0.0814439838	0.11575891279999999	0.05710850000000001	-0.002238099999999993	5.009091609999968e-06	0.0032613807722500013	-0.0201708	-0.0039168000000000015	1.5341322240000008e-05	0.00040686117264	-0.0712643	0.014065899999999978	0.00019784954280999942	0.005078600454489999	-0.00369733	0.00010481999999999984	1.0987232399999964e-08	1.36702491289e-05	-0.00026468	7.930000000000176e-07	6.28849000000028e-13	7.00555024e-08	2.72761e-07	0.000249409761	7.4398563121e-14	6.220522888207714e-08	0.0	0.0	0.0
26355.802734375	-136.626953125	694628337.7732887	18666.924320220947	n/a	n/a	n/a	n/a	22446.078125	310.6328125	503826423.1936035	96492.74420166016	1.248833	36.7621	0.16119533805000005	-0.0625555231	n/a	-0.1064622884	0.057004061200000004	n/a	-0.0520803533	-0.0771474486	0.1181006348	0.05179680000000001	-0.0053116999999999965	2.8214156889999952e-05	0.0026829084902400013	0.0267626	0.0469334	0.00220274403556	0.0007162367587599999	-0.133198	-0.061933700000000015	0.003835783195690001	0.017741707204000003	-0.00287793	0.0008194000000000001	6.714163600000001e-07	8.2824810849e-06	-0.00026468	0.0	0.0	7.00555024e-08	-0.000120658	-0.000120930761	1.4558352963999998e-08	1.4624248956039118e-08	0.0	0.0	0.0
26841.560546875	485.7578125	720469372.5915565	235960.65240478519	n/a	n/a	n/a	n/a	22697.62890625	251.55078125	515182357.96583563	63277.79554748535	1.280681	37.699604	0.13094107	-0.1730515896	n/a	-0.1189398258	0.1182140181	n/a	-0.0546260966	-0.0726838291	0.1198669825	0.0481772	-0.003619600000000015	1.3101504160000105e-05	0.0023210425998399994	-0.012394	-0.0391566	0.00153323932356	0.000153611236	-0.110681	0.022517000000000027	0.000507015289000001	0.012250283760999998	-0.00384143	-0.0009635	9.2833225e-07	1.4756584444899996e-05	-5.15783e-05	0.0002131017	4.541233454289e-08	2.66032103089e-09	1.56977e-05	0.0001363557	2.4641778529000003e-10	1.859287692249e-08	0.0	0.0	0.0
26796.41796875	-45.142578125	718048015.9559479	2037.8523597717285	n/a	n/a	n/a	n/a	22633.728515625	-63.900390625	512285666.51901627	4083.259922027588	1.203298	35.42166500000001	0.14014757000000005	-0.12230297539999999	n/a	-0.20098484649999998	0.0765289573	n/a	-0.0571422589	-0.0680627927	0.12104935019999999	0.050070300000000005	0.0018931000000000087	3.583827610000033e-06	0.002507034942090001	0.07132230000000002	0.08371630000000002	0.007008418885690004	0.005086870477290003	-0.125228	-0.014547000000000018	0.0002116152090000005	0.015682051984000002	-0.00346391	0.00037751999999999973	1.4252135039999975e-07	1.19986724881e-05	-0.00026468	-0.0002131017	4.541233454289e-08	7.00555024e-08	-0.000193504	-0.00020920170000000005	3.744379801600001e-08	4.376535128289002e-08	0.0	0.0	0.0
26445.146484375	-351.271484375	699345772.5800514	123391.65573501588	n/a	n/a	n/a	n/a	22576.248046875	-57.48046875	509686975.87402725	3304.0042877197266	0.583159	17.166547999999995	0.18129260000000005	-0.1439212818	n/a	-0.2072594526	-0.0031829060999999997	n/a	-0.0596274776	-0.0632943475	0.1216419777	0.0341804	-0.015889900000000002	0.0002524889220100002	0.0011682997441600001	0.0127041	-0.05861820000000002	0.003436093371240002	0.00016139415681	-0.162161	-0.036933	0.0013640464889999994	0.026296189921	-0.00486094	-0.00139703	1.9516928209e-06	2.36287376836e-05	-0.00026468	0.0	0.0	7.00555024e-08	-0.000193504	0.0	3.744379801600001e-08	0.0	0.0	0.0	0.0
25956.3984375	-488.748046875	673734619.8462523	238874.6533241272	n/a	n/a	n/a	n/a	22192.294921875	-383.953125	492497953.8994789	147420.00219726562	1.21015	35.62336	0.13666645000000002	-0.0022294873999999998	n/a	-0.0007918574	0.0272755327	n/a	-0.062080407000000004	-0.0583888207	0.1216419777	0.0491907	0.015010299999999997	0.0002253091060899999	0.00241972496649	0.0424737	0.0297696	0.0008862290841599998	0.00180401519169	-0.125378	0.03678300000000001	0.0013529890890000007	0.015719642883999997	-0.00411048	0.0007504600000000005	5.631902116000008e-07	1.6896045830399994e-05	-0.000154103	0.00011057700000000001	1.2227272929000001e-08	2.3747734609e-08	4.753e-05	0.000241034	2.2591009e-09	5.8097389156000006e-08	0.0	0.0	0.0
26038.25	81.8515625	677990463.0625	6699.678283691406	n/a	n/a	n/a	n/a	22240.29296875	47.998046875	494630631.3358307	2303.812503814697	0.687895	20.24966	0.1166983	0.019219818899999998	n/a	-0.033295633399999996	0.0019710825	n/a	-0.0644997188	-0.053356836799999995	0.12104935019999999	0.0593922	0.010201500000000002	0.00010407060225000003	0.00352743342084	0.0130149	-0.0294588	0.0008678208974399999	0.00016938762200999997	-0.17293599999999998	-0.04755799999999999	0.002261763363999999	0.029906860095999993	-0.00405794	5.253999999999936e-05	2.760451599999933e-09	1.64668770436e-05	8.140899999999999e-05	0.000235512	5.5465902144000005e-08	6.627425280999999e-09	0.000349078	0.000301548	1.2185545008399999e-07	9.0931196304e-08	0.0	0.0	0.0
26529.251953125	491.001953125	703801209.1923866	241082.9179725647	n/a	n/a	n/a	n/a	22692.72265625	452.4296875	514959661.55348206	204692.62213134766	1.195087	35.179951	0.10289125499999996	-0.1648257834	n/a	0.0653153354	0.1433501049	n/a	-0.0668841029	-0.0482092939	0.1198669825	0.0594062	1.4000000000000125e-05	1.9600000000000343e-10	0.00352909659844	-0.0186704	-0.0316853	0.00100395823609	0.00034858383616	-0.107789	0.06514699999999997	0.004244131608999996	0.011618468521000002	-0.00411048	-5.253999999999936e-05	2.760451599999933e-09	1.6896045830399994e-05	1.30499e-05	-6.83591e-05	4.6729665528099995e-09	1.7029989001000002e-10	0.000349078	0.0	1.2185545008399999e-07	0.0	0.0	0.0	0.0
26100.88671875	-428.365234375	681256287.5050201	183496.77402114868	n/a	n/a	n/a	n/a	22302.703125	-390.01953125	497410566.6818848	152115.23475646973	1.104345	32.508765999999994	0.118976465	-0.1223494782	n/a	0.1034596832	0.0797455479	n/a	-0.069232268	-0.0429573403	0.1181006348	0.05937180000000001	-3.4399999999989994e-05	1.1833599999993115e-09	0.0035250106352400007	0.013271200000000002	0.0319416	0.00102026581056	0.00017612474944000005	-0.148818	-0.041029	0.0016833788409999994	0.022146797124	-0.00367786	0.0004326199999999999	1.8716006439999988e-07	1.35266541796e-05	-0.000201142	-0.00021419190000000006	4.587817002561001e-08	4.0458104164000015e-08	7.646059999999997e-05	-0.00027261740000000004	5.846223352359996e-09	7.432024678276002e-08	0.0	0.0	0.0
26419.2421875	318.35546875	697976357.7617798	101350.20448303224	n/a	n/a	n/a	n/a	22390.595703125	87.892578125	501338775.9407997	7725.1052894592285	0.75038	22.089056	0.16814706	-0.1059164025	n/a	0.0813361694	0.1125068943	n/a	-0.07154294259999999	-0.0376123508	0.11575891279999999	0.0593313	-4.050000000001275e-05	1.6402500000010325e-09	0.003520203159689999	0.0157762	0.0025049999999999985	6.2750249999999925e-06	0.00024888848644	-0.10047	0.048348	0.002337529104	0.010094220899999999	-0.00542168	-0.00174382	3.0409081924000008e-06	2.93946140224e-05	9.32088e-05	0.00029435080000000003	8.664239346064002e-08	8.687880397439998e-09	0.000383361	0.0003069004	1.4696565632100001e-07	9.418785552016e-08	0.0	0.0	0.0
25774.23046875	-645.01171875	664310956.2562407	416040.11732482904	n/a	n/a	n/a	n/a	22008.154296875	-382.44140625	484358855.5550575	146261.42921447757	1.211438	35.661278	0.15686839	0.06524789240000001	n/a	-0.030979966499999997	-0.0583178105	n/a	-0.0738148754	-0.0321859012	0.11285322490000001	0.0593736	4.2300000000002065e-05	1.789290000000174e-09	0.00352522437696	0.0156094	-0.0001668000000000017	2.782224000000056e-08	0.00024365336836	-0.11793600000000005	-0.01746600000000005	0.0003050611560000018	0.013908900096000014	-0.003583	0.00183868	3.3807441424e-06	1.2837889e-05	-0.000201142	-0.00029435080000000003	8.664239346064002e-08	4.0458104164000015e-08	-0.000267474	-0.000650835	7.154234067600001e-08	4.23586197225e-07	0.0	0.0	0.0
25781.8828125	7.65234375	664705481.3574829	58.55836486816406	n/a	n/a	n/a	n/a	22085.392578125	77.23828125	487764565.3298988	5965.752090454102	0.872317	25.678545	0.07666740000000001	0.044883425	n/a	0.023968273	-0.048298436900000005	n/a	-0.0760468362	-0.0266897442	0.1093977275	0.0332245	-0.026149099999999998	0.0006837754308099999	0.0011038674002499995	0.0156617	5.230000000000165e-05	2.735290000000173e-09	0.00024528884689	-0.10973800000000003	0.008198000000000039	6.720720400000063e-05	0.012042428644000005	-0.0043772	-0.0007941999999999997	6.307536399999995e-07	1.9159879839999994e-05	-0.000201142	0.0	0.0	4.0458104164000015e-08	-0.000216314	5.116000000000002e-05	4.6791746596e-08	2.6173456000000014e-09	0.0	0.0	0.0
25736.5390625	-45.34375	662369442.9155884	2056.0556640625	n/a	n/a	n/a	n/a	21889.900390625	-195.4921875	479167739.11148447	38217.19537353516	0.940958	27.699127	0.06784062000000002	0.1095956056	n/a	0.0802560816	-0.0274489269	n/a	-0.07823761629999999	-0.0211357831	0.10540925529999999	0.0484611	0.015236600000000003	0.0002321539795600001	0.0023484782132099998	-0.00658027	-0.02224197	0.0004947052294809	4.32999532729e-05	-0.125196	-0.015457999999999987	0.00023894976399999962	0.015674038416	-0.00411516	0.00026203999999999984	6.866496159999992e-08	1.6934541825599992e-05	-0.000201142	0.0	0.0	4.0458104164000015e-08	-0.000252355	-3.6040999999999996e-05	6.3683046025e-08	1.2989536810000002e-09	0.0	0.0	0.0
25499.60546875	-236.93359375	650229879.0619049	56137.52784729004	n/a	n/a	n/a	n/a	22034.72265625	144.822265625	485529002.53785706	20973.488620758057	1.150048	33.854153000000004	0.11202968	-0.0005175574	n/a	-0.0277541535	-0.1200400074	n/a	-0.0803860294	-0.015536046599999999	0.1009072399	0.0497909	0.001329799999999999	1.7683680399999972e-06	0.00247913372281	0.0178848	0.02446507	0.0005985396501049	0.00031986607104000003	-0.15027199999999996	-0.02507599999999996	0.0006288057759999981	0.02258167398399999	-0.00463252	-0.0005173600000000006	2.676613696000006e-07	2.14602415504e-05	0.00034950300000000003	0.000550645	3.03209916025e-07	1.2215234700900005e-07	-9.71838e-05	0.00015517120000000002	9.44469098244e-09	2.4078101309440007e-08	0.0	0.0	0.0
26133.1875	633.58203125	682943488.9101562	401426.19032287603	n/a	n/a	n/a	n/a	22207.69921875	172.9765625	493181904.59046936	29920.891174316406	1.083967	31.908907	0.12100901	0.0121659886	n/a	-0.0165150493	0.0204229552	n/a	-0.082490912	-0.0099026625	0.0959136145	0.0390415	-0.0107494	0.00011554960035999997	0.00152423872225	0.00518175	-0.01270305	0.00016136747930250002	2.68505330625e-05	-0.141194	0.009077999999999949	8.241008399999905e-05	0.019935745636000004	-0.00528535	-0.0006528300000000001	4.261870089000001e-07	2.79349246225e-05	-0.000201142	-0.000550645	3.03209916025e-07	4.0458104164000015e-08	-0.00066328	-0.0005660962	4.399403584000001e-07	3.204649076544401e-07	0.0	0.0	0.0
25925.80859375	-207.37890625	672147551.2397614	43006.01075744629	n/a	n/a	n/a	n/a	22129.193359375	-78.505859375	489701198.73660666	6163.169956207275	0.688181	20.258089	0.11675866999999998	-0.0012413532	n/a	-0.0411708504	-0.0245446956	n/a	-0.0845511243	-0.0042478315	0.0904527076	0.056942499999999986	0.01790099999999999	0.00032044580099999977	0.0032424483062499987	0.0178292	0.01264745	0.00015995799150250002	0.00031788037264	-0.13655500000000004	0.004638999999999977	2.1520320999999785e-05	0.01864726802500001	-0.00436874	0.00091661	8.401738920999998e-07	1.9085889187600006e-05	-0.000201142	0.0	0.0	4.0458104164000015e-08	5.15344e-05	0.0007148144000000001	2.65579438336e-09	5.109596264473601e-07	0.0	0.0	0.0
26008.994140625	83.185546875	676467776.2070656	6919.835208892822	n/a	n/a	n/a	n/a	22328.56640625	199.373046875	498564877.758316	39749.611820220955	1.004713	29.575893	0.16908316999999998	-0.10143802310000001	n/a	-0.0121996091	0.0086600894	n/a	-0.08656555070000001	0.0014161995	0.0845511243	0.0410964	-0.0158461	0.0002510988852099999	0.00168891409296	-0.0255411	-0.0433703	0.0018809829220899999	0.0006523477892099997	-0.133709	0.002846000000000043	8.099716000000244e-06	0.017878096681	-0.00573072	-0.0013619799999999994	1.8549895203999992e-06	3.28411517184e-05	-0.000439227	-0.000238085	5.6684467224999976e-08	1.92920357529e-07	-0.000488816	-0.0005403504	2.38941081856e-07	2.9197855478016e-07	0.0	0.0	0.0
25690.6953125	-318.298828125	660011825.6397095	101314.14398574828	n/a	n/a	n/a	n/a	21960.77734375	-367.7890625	482275741.5417633	135268.7944946289	1.0302	30.326166	0.11603353999999998	-0.0089751444	n/a	-0.013421801799999999	-0.055927329299999995	n/a	-0.08853310029999999	0.007077163199999998	0.07823761629999999	0.0365585	-0.0045378999999999975	2.0592536409999974e-05	0.0013365239222500002	0.00758275	0.03312385	0.0010971894388224998	5.74980975625e-05	-0.132109	0.0015999999999999905	2.559999999999969e-06	0.017452787881	-0.00524012	0.0004905999999999999	2.406883599999999e-07	2.74588576144e-05	0.000168967	0.000608194	3.698999416360001e-07	2.8549847089000003e-08	-5.21742e-05	0.0004366418	2.72214714564e-09	1.9065606150724e-07	0.0	0.0	0.0
26152.4140625	461.71875	683948761.2964478	213184.2041015625	n/a	n/a	n/a	n/a	22140.3984375	179.62109375	490197242.9712525	32263.73731994629	0.8851889999999999	26.057449	0.22912254	-0.0643702782	n/a	0.10560498550000001	0.06612002389999999	n/a	-0.0904527076	0.0127227994	0.07154294259999999	0.033309	-0.0032495000000000024	1.0559250250000017e-05	0.001109489481	-0.0701663	-0.07774905	0.0060449147759025	0.0049233096556899995	-0.0756445	0.0564645	0.00318823976025	0.005722090380250001	-0.00597199	-0.0007318699999999999	5.356336968999999e-07	3.56646645601e-05	-0.000518866	-0.000687833	4.7311423588900003e-07	2.69221925956e-07	-0.000465661	-0.0004134868	2.1684016692100001e-07	1.7097133377423993e-07	0.0	0.0	0.0
25802.32421875	-350.08984375	665759935.0894928	122562.8986968994	n/a	n/a	n/a	n/a	22005.400390625	-134.998046875	484237646.35171884	18224.472660064694	1.496652	44.05719000000001	0.2327164	0.0340708361	n/a	-0.1157763186	-0.1204422926	n/a	-0.0923233333	0.0183408808	0.0644997188	0.048135	0.014826000000000006	0.00021981027600000017	0.0023169782250000003	0.0318657	0.10203200000000001	0.010410529024	0.00101542283649	-0.119949	-0.044304500000000004	0.00196288872025	0.014387762601	-0.004638300000000001	0.0013336899999999994	1.7787290160999982e-06	2.1513826890000006e-05	-0.000616254	-9.7388e-05	9.484422544e-09	3.79768992516e-07	-0.000465661	0.0	2.1684016692100001e-07	0.0	0.0	0.0	0.0
26585.466796875	783.142578125	706787044.8077432	613312.2976722717	n/a	n/a	n/a	n/a	22384.375	378.974609375	501060244.140625	143621.75455093384	1.404921	41.356884	0.10765815	-0.1131608806	n/a	-0.1281936281	0.1563471014	n/a	-0.0941439642	0.02391924	0.0571422589	0.0333136	-0.014821400000000004	0.00021967389796000012	0.00110979594496	0.0440006	0.012134899999999995	0.00014725579800999993	0.0019360528003599996	-0.086936	0.033013	0.001089858169	0.007557868096	-0.00541907	-0.0007807699999999992	6.096017928999989e-07	2.93663196649e-05	-0.000443247	0.00017300700000000006	2.993142204900001e-08	1.96467903009e-07	-0.000465661	0.0	2.1684016692100001e-07	0.0	0.0	0.0	0.0
25692.724609375	-892.7421875	660116097.8531837	796988.6133422852	n/a	n/a	n/a	n/a	22298.24609375	-86.12890625	497211778.85743713	7418.188491821289	0.8520549999999999	25.082067	0.18275405	-0.1411656503	n/a	-0.126761341	-0.0636078141	n/a	-0.0959136145	0.0294457954	0.049506407599999996	0.033288599999999995	-2.5000000000004186e-05	6.250000000002093e-10	0.0011081308899599997	0.0231919	-0.02080869999999999	0.0004330019956899997	0.0005378642256100001	-0.14907899999999996	-0.06214299999999996	0.003861752448999995	0.022224548240999988	-0.00459366	0.0008254099999999995	6.813016680999993e-07	2.1101712195600007e-05	0.000287718	0.000730965	5.34309831225e-07	8.2781647524e-08	-2.6489e-05	0.000439172	7.01667121e-10	1.9287204558399998e-07	0.0	0.0	0.0
26458.248046875	765.5234375	700038889.7099648	586026.1333618164	n/a	n/a	n/a	n/a	22100.814453125	-197.431640625	488445999.4914589	38979.25271987915	1.308565	38.520428	0.29118185	0.04598731650000002	n/a	0.1240567414	0.1643920762	n/a	-0.0976313259	0.0349085778	0.041629366099999995	0.0332159	-7.269999999999499e-05	5.285289999999272e-09	0.00110329601281	-0.0720471	-0.095239	0.009070467121	0.005190784618410001	-0.0678703	0.08120869999999998	0.006594852955689995	0.004606377622089999	-0.00604599	-0.00145233	2.1092624289e-06	3.655399508010001e-05	-0.000419795	-0.000707513	5.00574645169e-07	1.7622784202499996e-07	-0.000159875	-0.000133386	2.5560015625e-08	1.7791824995999998e-08	0.0	0.0	0.0
25208.283203125	-1249.96484375	635457542.048954	1562412.110610962	n/a	n/a	n/a	n/a	21455.505859375	-645.30859375	460338731.68167496	416423.1811676026	1.267331	37.306606	0.178309335	0.1337118799	n/a	0.1392970525	-0.1342923472	n/a	-0.0992961682	0.040295756	0.0335495105	0.033345400000000004	0.00012950000000000458	1.6770250000001195e-08	0.0011119157011600005	-0.0319691	0.040077999999999996	0.0016062460840000005	0.00102202335481	-0.129521	-0.061650699999999996	0.00380080881049	0.016775689441	-0.00496807	0.0010779200000000004	1.1619115264000009e-06	2.46817195249e-05	-0.000157439	0.000262356	6.8830670736e-08	2.4787038721e-08	2.88717e-05	0.0001887467	8.335750608900001e-10	3.562531676089e-08	0.0	0.0	0.0
25217.220703125	8.9375	635908219.9901161	79.87890625	n/a	n/a	n/a	n/a	21346.7421875	-108.763671875	455683402.0195923	11829.536319732666	1.240457	36.515518	0.29872953500000005	0.1893939204	n/a	0.2985378091	-0.0832114978	n/a	-0.1009072399	0.0455956625	0.025306205099999996	0.0334649	0.00011949999999999461	1.4280249999998713e-08	0.00111989953201	-0.0946145	-0.0626454	0.00392444614116	0.00895190361025	-0.0116289	0.1178921	0.013898547242409999	0.00013523131520999998	-0.00612995	-0.0011618800000000006	1.3499651344000013e-06	3.7576287002500013e-05	-0.00038092	-0.000223481	4.9943757361e-08	1.4510004639999998e-07	-0.0009472180000000002	-0.0009760897000000002	8.972219395240006e-07	9.527511024460905e-07	0.0	0.0	0.0
25582.6171875	365.396484375	654470302.1621704	133514.59079360962	n/a	n/a	n/a	n/a	21778.642578125	431.900390625	474309272.5457192	186537.94742202762	1.177202	34.653481	0.19768625000000006	0.16664674880000002	n/a	0.09950067580000001	-0.0764871646	n/a	-0.1024636685	0.05079681900000002	0.0169396104	0.0368101	0.0033452	1.1190363039999997e-05	0.0013549834620099998	-0.0444543	0.050160199999999995	0.00251604566404	0.00197618478849	-0.0983569	-0.086728	0.007521745984	0.009674079777610001	-0.00523416	0.0008957900000000006	8.02439724100001e-07	2.73964309056e-05	-0.000427033	-4.611300000000002e-05	2.1264087690000023e-09	1.82357183089e-07	-0.0007400639999999999	0.00020715400000000033	5.476947240959998e-07	4.2912779716000134e-08	0.0	0.0	0.0
26356.03515625	773.41796875	694640589.1574861	598175.354385376	n/a	n/a	n/a	n/a	22202.35546875	423.712890625	492944588.360733	179532.6136817932	1.163086	34.237949	0.102065	0.0087940947	n/a	0.0840032524	0.1195664782	n/a	-0.10396461130000001	0.0558879609	0.0084904876	0.0334061	-0.003403999999999997	1.1587215999999983e-05	0.00111596751721	-0.022137	0.0223173	0.00049806187929	0.000490046769	-0.07987310000000003	0.01848379999999998	0.00034165086243999934	0.0063797121036100034	-0.0055995	-0.0003653399999999996	1.334733155999997e-07	3.1354400249999985e-05	-0.00013048100000000005	0.00029655199999999995	8.794308870399997e-08	1.7025291361000018e-08	-0.000244758	0.0004953059999999999	5.990647856399999e-08	2.45328033636e-07	0.0	0.0	0.0
26167.17578125	-188.859375	684721088.3668365	35667.863525390625	n/a	n/a	n/a	n/a	22317.576171875	115.220703125	498074206.1874428	13275.810428619385	0.81845	24.092844	0.16868614999999998	-0.065113716	n/a	-0.1131929764	0.028247670699999998	n/a	-0.10540925529999999	0.0608580619	0.0	0.012993	-0.020413099999999997	0.00041669465161	0.00016881804900000002	0.0377531	0.059890099999999995	0.00358682407801	0.0014252965596099998	-0.130079	-0.050205899999999984	0.0025206323948099986	0.016920546241	-0.00573588	-0.00013638000000000018	1.8599504400000048e-08	3.2900319374399994e-05	0.000251536	0.0003820170000000001	1.4593698828900005e-07	6.3270359296e-08	-0.000489902	-0.00024514400000000004	2.4000396960399995e-07	6.009558073599999e-08	0.0	0.0	0.0
26293.84375	126.66796875	691366219.1494142	16044.774307250977	n/a	n/a	n/a	n/a	22041.84765625	-275.728515625	485843048.1013336	76026.21432876588	0.834241	24.557673	0.2990489	-0.0314231297	n/a	0.0159856459	0.103471824	n/a	-0.1067968184	0.065696358	-0.0084904876	0.0162769	0.0032838999999999998	1.0783999209999997e-05	0.00026493747361000004	-0.0741082	-0.11186130000000001	0.01251295043769	0.005492025307239999	-0.0379723	0.0921067	0.008483644184890001	0.00144189556729	-0.0062151	-0.0004792200000000007	2.2965180840000066e-07	3.862746801000001e-05	-0.000497366	-0.000748902	5.608542056039999e-07	2.47372937956e-07	-0.00109772	-0.000607818	1.2049891984e-06	3.69442721124e-07	0.0	0.0	0.0
25594.10546875	-699.73828125	655058234.7454988	489633.66224670404	n/a	n/a	n/a	n/a	21725.576171875	-316.271484375	472000659.9999428	100027.65182876588	1.231692	36.257511	0.16323664999999998	0.128684715	n/a	0.0355442481	-0.0832308533	n/a	-0.1081265492	0.0703923703	-0.0169396104	0.0238079	0.007530999999999999	5.671596099999999e-05	0.0005668161024099999	-0.016516699999999995	0.0575915	0.003316780872250001	0.0002728013788899999	-0.0929196	-0.0549473	0.003019205777290001	0.008634052064160002	-0.00602232	0.00019278000000000006	3.7164128400000016e-08	3.62683381824e-05	-0.000324041	0.00017332499999999994	3.004155562499998e-08	1.05002569681e-07	-0.000600488	0.0004972319999999999	3.605858381440001e-07	2.4723966182399987e-07	0.0	0.0	0.0
26046.77734375	452.671875	678434609.9948883	204911.8264160156	n/a	n/a	n/a	n/a	21741.78125	16.205078125	472705051.9228516	262.6045570373535	1.10778	32.609905	0.181939	0.1188847516	n/a	0.1287976053	0.0384448804	n/a	-0.1093977275	0.0749359284	-0.025306205099999996	0.0287483	0.004940400000000001	2.440755216000001e-05	0.0008264647528900001	-0.09882030000000004	-0.08230360000000005	0.006773882572960008	0.009765451692090008	-0.0213415	0.0715781	0.005123424399610001	0.00045545962225	-0.00631166	-0.00028933999999999986	8.371763559999995e-08	3.98370519556e-05	-0.000448708	-0.00012466700000000002	1.5541860889000005e-08	2.0133886926400003e-07	-0.000648819	-4.833099999999998e-05	4.2096609476100003e-07	2.335885560999998e-09	0.0	0.0	0.0
25777.46875	-269.30859375	664477895.1572267	72527.11866760254	n/a	n/a	n/a	n/a	21658.943359375	-82.837890625	469109827.44461435	6862.116123199463	1.125875	33.142548	0.20149684	0.1759499592	n/a	0.012403611399999999	-0.050453659500000005	n/a	-0.110609665	0.07931719200000001	-0.0335495105	0.0334519	0.0047036	2.2123852959999992e-05	0.00111902961361	-0.0674851	0.031335200000000035	0.0009818947590400024	0.004554238722010001	-0.120107	-0.0987655	0.00975462399025	0.014425691448999996	-0.00707468	-0.0007630199999999997	5.821995203999995e-07	5.00510971024e-05	-5.13512e-05	0.0003973568	1.5789242650624002e-07	2.63694574144e-09	-0.000475345	0.000173474	2.25952869025e-07	3.0093228676000005e-08	0.0	0.0	0.0
25788.966796875	11.498046875	665070808.4503213	132.2050819396973	n/a	n/a	n/a	n/a	21796.798828125	137.85546875	475100439.1537514	19004.13026428223	0.910687	26.808023	0.09158474	0.1269436109	n/a	0.0291245552	-0.026637195699999998	n/a	-0.1117617054	0.0835266722	-0.041629366099999995	0.0334473	-4.600000000000437e-06	2.116000000000402e-11	0.00111872187729	-0.0553565	0.012128600000000005	0.0001471029379600001	0.0030643420922500005	-0.054821	0.06528599999999997	0.0042622617959999975	0.0030053420409999997	-0.0070316	4.308000000000003e-05	1.8558864000000027e-09	4.9443398560000007e-05	1.39056e-05	6.52568e-05	4.2584499462399995e-09	1.9336571136e-10	-0.000650319	-0.00017497400000000002	4.22914801761e-07	3.0615900676e-08	0.0	0.0	0.0
25146.087890625	-642.87890625	632325736.2030373	413293.28810119635	n/a	n/a	n/a	n/a	21697.25	-99.548828125	470770657.5625	9909.969181060793	0.88699	26.110451	0.19542508	0.1371985749	n/a	0.10475549710000001	-0.1601233417	n/a	-0.11285322490000001	0.08755525230000001	-0.049506407599999996	0.042346100000000005	0.008898800000000005	7.918864144000009e-05	0.0017931921852100004	-0.0350455	0.020311000000000003	0.0004125367210000001	0.00122818707025	-0.12272400000000006	-0.06790300000000005	0.004610817409000006	0.015061180176000012	-0.00570362	0.0013279799999999994	1.7635308803999985e-06	3.25312811044e-05	-0.000512725	-0.0005266305999999999	2.7733978885636004e-07	2.62886925625e-07	-0.0007619539999999999	-0.0001116349999999999	5.805738981159999e-07	1.2462373224999978e-08	0.0	0.0	0.0
25840.447265625	694.359375	667728714.8875465	482134.9416503906	n/a	n/a	n/a	n/a	21989.921875	292.671875	483556664.0686035	85656.82641601562	0.86505	25.464613	0.241974905	0.0454261383	n/a	0.0263838646	-0.0296174209	n/a	-0.1138836324	0.09139420710000001	-0.0571422589	0.033487199999999995	-0.00885890000000001	7.848010921000017e-05	0.0011213925638399996	-0.110376	-0.0753305	0.005674684230249999	0.012182861376	-0.0834081	0.039315900000000056	0.0015457399928100045	0.006956911145609999	-0.007515999999999998	-0.0018123799999999989	3.284721264399996e-06	5.649025599999999e-05	2.00241e-05	0.0005327491	2.8382160355081e-07	4.0096458081e-10	-0.0007376909999999997	2.426300000000017e-05	5.441880114809997e-07	5.886931690000082e-10	0.0	0.0	0.0
25718.98828125	-121.458984375	661466358.2110747	14752.284885406494	n/a	n/a	n/a	n/a	21947.17578125	-42.74609375	481678524.77308655	1827.228530883789	0.992468	29.215429	0.17082088	0.042848529	n/a	-0.0767917177	-0.055751647300000005	n/a	-0.1148523699	0.0950352225	-0.0644997188	0.033439800000000006	-4.739999999998912e-05	2.2467599999989683e-09	0.0011182202240400004	-0.109194	0.0011820000000000025	1.3971240000000059e-06	0.011923329636	-0.17543599999999998	-0.09202789999999997	0.008469134378409997	0.030777790095999995	-0.00814988	-0.0006338800000000007	4.0180385440000095e-07	6.642054401439999e-05	0.000243109	0.0002230849	4.976687260801e-08	5.9101985880999995e-08	-4.33843e-05	0.0006943066999999997	1.8821974864900003e-09	4.820617936648895e-07	0.0	0.0	0.0
25665.96484375	-53.0234375	658741751.3606111	2811.4849243164062	n/a	n/a	n/a	n/a	21960.431640625	13.255859375	482260557.8425637	175.7178077697754	0.824126	24.259933	0.17680058500000004	-0.0276683242	n/a	-0.0364330794	-0.0592932116	n/a	-0.11575891279999999	0.0984704127	-0.07154294259999999	0.033482099999999994	4.229999999998818e-05	1.7892899999989997e-09	0.0011210510204099995	-0.0428774	0.0663166	0.0043978914355600005	0.0018384714307600003	-0.137226	0.03821	0.0014600040999999994	0.018830975076	-0.00894059	-0.00079071	6.252223041e-07	7.99341495481e-05	0.000371857	0.00012874799999999995	1.6576047503999987e-08	1.3827762844899998e-07	-0.00056856	-0.0005251756999999999	3.2326047359999994e-07	2.758095158704899e-07	0.0	0.0	0.0
25280.30078125	-385.6640625	639093607.5904694	148736.7691040039	n/a	n/a	n/a	n/a	21899.205078125	-61.2265625	479575183.0537758	3748.6919555664062	1.2821840000000002	37.743843	0.24282179999999995	0.12628974380000002	n/a	0.1950704511	-0.1050820647	n/a	-0.1166027702	0.10169233800000001	-0.07823761629999999	0.0378372	0.004355100000000001	1.8966896010000005e-05	0.0014316537038399995	-0.139267	-0.0963896	0.00929095498816	0.019395297289	-0.0889422	0.04828379999999999	0.0023313253424399986	0.00791071494084	-0.00711899	0.0018216	3.3182265599999988e-06	5.068001862010001e-05	0.000317591	-5.426599999999997e-05	2.9447987559999968e-09	1.00864043281e-07	-0.00056856	0.0	3.2326047359999994e-07	0.0	0.0	0.0	0.0
26375.052734375	1094.751953125	695643406.7410622	1198481.8388710022	n/a	n/a	n/a	n/a	22365.837890625	466.6328125	500230704.54971695	217746.18170166016	1.637552	48.204887	0.19383845	-0.0396205741	n/a	-0.068374785	0.0278569433	n/a	-0.1173834851	0.1046940202	-0.0845511243	0.0269359	-0.010901299999999992	0.00011883834168999982	0.0007255427088100001	-0.0376289	0.1016381	0.010330303371610002	0.00141593411521	-0.144442	-0.055499800000000016	0.0030802278000400017	0.020863491364	-0.00672576	0.0003932300000000005	1.5462983290000038e-07	4.52358475776e-05	0.000194836	-0.000122755	1.5068790025e-08	3.7961066896e-08	-0.00056856	0.0	3.2326047359999994e-07	0.0	0.0	0.0	1.0
26154.140625	-220.912109375	684039071.8322754	48802.16006851196	n/a	n/a	n/a	n/a	22405.5859375	39.748046875	502010281.20269775	1579.9072303771973	0.6824720000000001	20.090029	0.07600115000000006	-0.1029788012	n/a	-0.17839300170000005	-0.0159696904	n/a	-0.1181006348	0.1074689586	-0.0904527076	0.0334798	0.006543899999999996	4.282262720999993e-05	0.00112089700804	-0.0196	0.0180289	0.00032504123521	0.00038416	-0.169914	-0.025471999999999998	0.0006488227839999998	0.028870767396	-0.00716397	-0.0004382100000000005	1.920280041000005e-07	5.13224661609e-05	0.000275753	8.091700000000001e-05	6.5475608890000025e-09	7.603971700900002e-08	-0.00056856	0.0	3.2326047359999994e-07	0.0	0.0	0.0	0.0
26498.3203125	344.1796875	702160979.3838501	118459.65728759766	n/a	n/a	n/a	n/a	22580.947265625	175.361328125	509899179.4129372	30751.59540176392	0.679949	20.015774	0.12140275	-0.113938285	n/a	-0.0707655546	0.11844188	n/a	-0.11875383099999999	0.1100111431	-0.0959136145	0.0333818	-9.799999999999393e-05	9.60399999999881e-09	0.00111434457124	-0.0391314	-0.019531400000000004	0.0003814755859600002	0.0015312664659600005	-0.0951262	0.07478780000000003	0.005593215028840003	0.00904899392644	-0.00683697	0.00032700000000000003	1.0692900000000002e-07	4.6744158780900014e-05	0.000237434	-3.831899999999998e-05	1.4683457609999984e-09	5.6374904356e-08	-0.000394168	0.00017439199999999994	1.55368412224e-07	3.041256966399998e-08	0.0	0.0	0.0
27013.953125	515.6328125	729753663.4396973	265877.19732666016	n/a	n/a	n/a	n/a	22550.783203125	-30.1640625	508537823.07434464	909.8706665039062	0.804679	23.687473	0.32000667	-0.1559544198	n/a	0.027996480299999998	0.28117364850000004	n/a	-0.11934271980000001	0.112315068	-0.1009072399	0.0335164	0.00013459999999999858	1.8117159999999627e-08	0.00112334906896	-0.058551699999999984	-0.019420299999999988	0.0003771480520899995	0.003428301572889999	0.00173097	0.09685717	0.0093813113804089	2.996257140900001e-06	-0.00423669	0.00260028	6.7614560784e-06	1.7949542156100007e-05	-0.00105504	-0.0012924739999999998	1.670489040676e-06	1.1131094016e-06	-0.000573306	-0.00017913799999999996	3.28679769636e-07	3.2090423043999984e-08	0.0	0.0	0.0
25691.91796875	-1322.03515625	660074648.9129791	1747776.954360962	n/a	n/a	n/a	n/a	22133.642578125	-417.140625	489898133.7761879	174006.30102539062	1.466526	43.170361	0.15134741999999998	-0.0280227529	n/a	-0.0634292515	-0.1095616097	n/a	-0.1198669825	0.1143757435	-0.10540925529999999	0.0335937	7.729999999999543e-05	5.975289999999293e-09	0.00112853667969	-0.0830602	-0.02450850000000001	0.0006006665722500003	0.0068989968240399996	-0.035680199999999995	-0.03741117	0.0013995956407688993	0.0012730766720399998	-0.00569096	-0.0014542699999999995	2.1149012328999997e-06	3.23870257216e-05	-0.00111416	-5.9120000000000186e-05	3.495174400000021e-09	1.2413525056000003e-06	-0.000846925	-0.000273619	7.17281955625e-07	7.4867357161e-08	0.0	0.0	0.0
26292.984375	601.06640625	691321027.3439941	361280.8247222901	n/a	n/a	n/a	n/a	22237.447265625	103.8046875	494504060.89145285	10775.413146972656	1.043769	30.725586	0.0930661	-0.0826307676	n/a	-0.0599363086	0.0530784733	n/a	-0.120326335	0.1161887065	-0.1093977275	0.0335729	-2.0799999999994434e-05	4.3263999999976846e-10	0.0011271396144100002	-0.06653300000000001	0.016527199999999992	0.0002731483398399997	0.004426640089000001	-0.051832900000000015	-0.016152700000000013	0.00026090971729000043	0.0026866495224100013	-0.00461828	0.0010726800000000003	1.1506423824000008e-06	2.13285101584e-05	-0.00111366	5.000000000000664e-07	2.500000000000664e-13	1.2402385956000002e-06	-0.0007127969999999999	0.00013412800000000007	5.080795632089999e-07	1.7990320384000018e-08	0.0	0.0	0.0
25952.14453125	-340.83984375	673513805.7708893	116171.7990875244	n/a	n/a	n/a	n/a	22045.5	-191.947265625	486004070.25	36843.752780914314	0.9367430000000002	27.57506	0.15911845000000002	-0.0188928499	n/a	-0.100139215	-0.0562844931	n/a	-0.1207205288	0.11775003070000001	-0.11285322490000001	0.0359244	0.0023514999999999994	5.529552249999997e-06	0.0012905625153600002	-0.0293133	0.037219700000000015	0.0013853060680900006	0.0008592695568899997	-0.06238440000000001	-0.010551499999999998	0.00011133415224999995	0.003891813363360001	-0.00606974	-0.00145146	2.1067361316e-06	3.68417436676e-05	-0.000468358	0.0006453019999999999	4.164146712039999e-07	2.1935921616400005e-07	-0.00079595	-8.315300000000009e-05	6.335364025e-07	6.914421409000016e-09	0.0	0.0	0.0
26406.078125	453.93359375	697280961.9436035	206055.70753479004	n/a	n/a	n/a	n/a	22201.16015625	155.66015625	492891512.2834625	24230.084243774414	1.119435	32.952984	0.2041781	-0.025073664300000003	n/a	0.031227373399999998	0.102966424	n/a	-0.12104935019999999	0.11905633460000001	-0.11575891279999999	0.0336277	-0.0022967000000000057	5.274830890000026e-06	0.0011308222072899995	-0.151676	-0.12236269999999999	0.01497263035129	0.023005608975999996	-0.021631	0.04075340000000001	0.0016608396115600009	0.0004679001610000001	-0.00597363	9.610999999999996e-05	9.23713209999999e-09	3.56842553769e-05	-0.00111366	-0.0006453019999999999	4.164146712039999e-07	1.2402385956000002e-06	-0.0007620560000000001	3.389399999999992e-05	5.807293471360003e-07	1.1488032359999946e-09	0.0	0.0	0.0
25754.37890625	-651.69921875	663288032.8466951	424711.8717193604	n/a	n/a	n/a	n/a	22158.583984375	-42.576171875	491002844.19260025	1812.730411529541	0.817372	24.061108	0.12266855	0.014906326999999999	n/a	-0.025667700699999997	-0.06576907900000001	n/a	-0.1213126213	0.12010478890000001	-0.1181006348	0.0394881	0.005860400000000003	3.434428816000002e-05	0.00155931004161	-0.121765	0.029910999999999993	0.0008946679209999996	0.014826715225000004	-0.06403450000000001	-0.04240350000000001	0.0017980568122500011	0.004100417190250001	-0.00623499	-0.0002613600000000004	6.830904960000022e-08	3.88751003001e-05	-0.000690544	0.00042311600000000013	1.790271494560001e-07	4.76851015936e-07	-0.000967453	-0.000205397	9.35965307209e-07	4.218792760899998e-08	0.0	0.0	0.0
26251.5859375	497.20703125	689145764.2339478	247214.8319244385	n/a	n/a	n/a	n/a	22315.78125	157.197265625	497994092.7978516	24710.980319976807	0.643047	18.929464000000007	0.12612185000000006	-0.0797699942	n/a	0.015391974499999999	0.0986321152	n/a	-0.1215101995	0.120893123	-0.1198669825	0.0451217	0.0056336000000000025	3.173744896000003e-05	0.0020359678108899998	-0.135951	-0.014185999999999975	0.0002012425959999993	0.018482674401	-0.021585	0.042449500000000015	0.0018019600502500008	0.00046591222500000004	-0.0053922	0.0008427900000000004	7.102949841000006e-07	2.907582084e-05	-0.00111366	-0.00042311600000000013	1.790271494560001e-07	1.2402385956000002e-06	-0.000978602	-1.1149000000000013e-05	9.576618744040001e-07	1.2430020100000026e-10	0.0	0.0	0.0
25997.076171875	-254.509765625	675847969.4862709	64775.220798492424	n/a	n/a	n/a	n/a	22198.962890625	-116.818359375	492793953.41934586	13646.52908706665	0.7702680000000001	22.674492	0.21672310000000006	-0.0759918641	n/a	-0.030347239100000006	-0.0075048315000000015	n/a	-0.1216419777	0.12141962949999999	-0.12104935019999999	0.0508165	0.0056948	3.243074704e-05	0.0025823166722500003	-0.0104558	0.1254952	0.01574904522304	0.00010932375364	-0.0529743	-0.031389299999999995	0.0009852881544900002	0.0028062764604899998	-0.00606618	-0.0006739800000000003	4.542490404000003e-07	3.67985397924e-05	-0.000863762	0.00024989799999999997	6.244901040400003e-08	7.460847926439999e-07	-0.0011376	-0.00015899799999999982	1.2941337599999997e-06	2.5280364003999943e-08	0.0	0.0	0.0
25916.0546875	-81.021484375	671641890.5654907	6564.480930328369	n/a	n/a	n/a	n/a	22018.568359375	-180.39453125	484817352.59646994	32542.186904907227	0.879351	25.885584	0.1748489	-0.0452355037	n/a	-0.058614007999999995	-0.05866251190000001	n/a	-0.1217078847	0.1216831682	-0.1216419777	0.0421478	-0.008668700000000001	7.514635969000002e-05	0.0017764370448399996	-0.116508	-0.1060522	0.011247069124839996	0.013574114063999995	-0.0011915	0.0517828	0.0026814583758400005	1.4196722499999996e-06	-0.00602743	3.874999999999972e-05	1.5015624999999786e-09	3.63299124049e-05	-0.000945366	-8.16040000000001e-05	6.659212816000015e-09	8.937168739560002e-07	-0.00118415	-4.655000000000002e-05	1.4022112225e-06	2.1669025000000017e-09	0.0	0.0	0.0
