Measure:mean	Left-Lateral-Ventricle	Left-Inf-Lat-Vent	Left-Cerebellum-White-Matter	Left-Cerebellum-Cortex	Left-Thalamus-Proper	Left-Caudate	Left-Putamen	Left-Pallidum	3rd-Ventricle	4th-Ventricle	Brain-Stem	Left-Hippocampus	Left-Amygdala	CSF	Left-Accumbens-area	Left-VentralDC	Left-vessel	Left-choroid-plexus	Right-Lateral-Ventricle	Right-Inf-Lat-Vent	Right-Cerebellum-White-Matter	Right-Cerebellum-Cortex	Right-Thalamus-Proper	Right-Caudate	Right-Putamen	Right-Pallidum	Right-Hippocampus	Right-Amygdala	Right-Accumbens-area	Right-VentralDC	Right-vessel	Right-choroid-plexus	5th-Ventricle	WM-hypointensities	Left-WM-hypointensities	Right-WM-hypointensities	non-WM-hypointensities	Left-non-WM-hypointensities	Right-non-WM-hypointensities	Optic-Chiasm	CC_Posterior	CC_Mid_Posterior	CC_Central	CC_Mid_Anterior	CC_Anterior
sub-0001	30.4424	52.6	83.0076	57.3846	84.7959	72.8685	81.1578	97.4589	34.5748	25.3463	81.8757	63.5509	61.9445	40.2492	66.5006	88.3956	56.2656	48.8014	28.5302	51.6641	83.8511	56.3968	83.4105	73.2118	79.4707	95.4147	61.6673	59.3949	69.9261	87.5914	56.0909	49.7318	0.0	67.5291	0.0	0.0	0.0	0.0	0.0	65.3704	102.8736	94.4872	93.2036	90.7227	103.2781
sub-0002	28.827	48.0347	82.6729	54.3767	84.9835	72.293	79.0865	97.211	30.3537	20.1619	81.1553	63.196	58.187	37.8749	66.9006	86.7015	54.7	51.1787	24.0009	41.1897	83.5929	53.9627	85.123	72.3202	78.2975	97.5999	60.8731	56.4466	67.5531	86.7203	58.5714	50.8353	0.0	68.7105	0.0	0.0	0.0	0.0	0.0	62.4375	104.542	88.6126	92.243	96.4092	104.5426
sub-0003	23.2589	34.583	83.5143	54.4103	86.5078	73.371	79.4488	98.4345	29.6545	18.81	82.6875	59.7414	59.7745	38.7002	69.298	89.9065	57.8182	47.9738	20.9743	33.1364	84.4415	53.4649	84.4318	71.8101	77.8479	97.4844	59.3766	58.3218	69.5477	89.9678	61.6	44.9558	0.0	68.897	0.0	0.0	0.0	0.0	0.0	70.3867	106.427	87.135	93.1151	98.4415	105.6472
sub-0004	22.24	30.2044	83.198	55.9216	81.3278	69.0879	79.0874	94.7533	29.2143	20.2504	81.3423	58.4785	55.2248	37.5539	63.7177	85.8369	49.1613	49.184	22.0315	35.6616	83.6441	54.1442	79.833	68.6316	77.9406	94.4097	57.7312	53.2738	65.241	85.1327	50.6	46.9444	0.0	55.9291	0.0	0.0	0.0	0.0	0.0	63.7917	99.6988	89.7379	95.1229	94.8569	102.9988
sub-0005	19.7382	39.0402	84.4453	56.7795	82.4961	68.1422	76.2857	92.1052	29.7823	21.0609	81.5701	59.233	55.1184	38.8233	63.2005	86.8048	53.7	47.9233	18.2369	26.4895	84.6269	55.4776	80.0069	67.4251	75.3222	90.9761	57.3961	56.1426	64.2051	86.2302	53.3103	47.2252	0.0	67.4862	0.0	0.0	0.0	0.0	0.0	64.1897	98.0454	86.4268	92.1581	92.4826	99.4166
sub-0006	22.4444	38.1778	84.2265	55.052	84.7817	69.0843	76.9219	95.3857	31.8589	20.3344	82.076	59.6327	57.338	36.0233	64.2575	87.5256	55.9844	46.4505	23.4277	32.342	83.5527	53.6522	82.8934	68.9561	74.7831	92.5289	58.2762	56.1289	66.7345	87.5544	52.2593	45.9758	0.0	67.4338	0.0	0.0	0.0	0.0	0.0	68.0943	101.2769	91.1992	94.8433	97.9873	103.0639
sub-0007	17.8387	38.917	81.5923	52.1964	82.4849	67.4043	75.9444	93.5905	25.3534	16.3061	82.4551	55.6233	53.3951	35.0257	63.2516	87.1185	61.0769	47.7032	16.4885	38.2018	82.2402	51.908	80.8073	67.8051	75.6011	92.6642	55.2426	53.6401	65.4073	86.2521	58.5385	44.4428	0.0	66.4143	0.0	0.0	0.0	0.0	0.0	65.6638	99.2177	82.8975	88.9187	91.4084	101.2427
sub-0008	27.2311	45.2788	83.1203	53.8089	84.4227	71.1356	77.5787	93.2065	32.1289	20.1616	80.4614	60.6563	57.9767	38.7495	66.2469	87.4692	57.0714	48.0447	29.5168	34.7273	82.1384	51.5427	82.7998	70.3583	76.003	92.1495	57.138	56.753	65.927	85.6751	56.5	51.006	0.0	66.4651	0.0	0.0	0.0	0.0	0.0	65.9167	102.2468	93.907	91.7444	95.7475	99.7439
sub-0009	31.4717	42.6446	82.6196	53.0037	87.0495	71.4739	74.9872	96.9087	33.8692	15.4527	79.8462	59.2653	55.172	35.1142	63.5672	88.1994	52.5	53.6559	23.7321	43.9672	83.4421	52.2413	82.1376	69.9315	74.2664	96.4334	56.662	53.8267	64.7899	89.0586	55.2308	49.4251	0.0	69.5117	0.0	0.0	0.0	0.0	0.0	64.3884	106.3799	91.6454	92.2812	98.3853	103.9258
sub-0010	18.9898	39.6392	85.1294	57.6799	81.0145	68.2017	77.2516	92.576	22.9964	23.7368	81.615	58.34	55.7993	30.4916	62.5631	86.6668	57.8571	48.8029	17.9035	32.9562	83.544	54.6452	78.5663	66.826	74.4929	90.14	55.1428	54.3823	63.7708	85.2513	57.4286	47.0989	0.0	66.8119	0.0	0.0	0.0	0.0	0.0	64.2253	101.1313	87.9934	93.9177	98.3466	102.5424
sub-0011	23.2342	46.1358	83.6933	56.9997	85.278	75.5285	85.0283	99.0636	29.0672	19.9111	83.4425	61.233	61.3169	33.1517	71.4372	89.0734	52.0769	50.374	24.8975	28.2819	83.2334	55.7688	85.7773	73.7909	84.3004	98.6957	58.9469	57.7604	71.48	88.2259	0.0	52.7624	0.0	65.8877	0.0	0.0	0.0	0.0	0.0	69.0438	105.0914	92.0873	91.9452	92.6171	109.5221
sub-0012	25.1647	29.8929	82.4923	56.2487	84.7263	72.3134	79.2612	95.5557	40.9676	23.4106	81.7198	60.9099	57.355	44.2834	68.0573	87.4812	57.1667	48.1811	27.4289	39.2994	82.3071	53.9978	85.0712	73.169	78.3783	94.9754	61.6968	57.6311	69.4742	86.7208	61.2	50.1924	0.0	61.9861	0.0	0.0	0.0	0.0	0.0	70.0208	101.0302	88.643	91.308	97.384	104.456
sub-0013	29.6749	39.822	83.9121	55.9478	82.7274	69.4853	77.5296	95.9835	36.4083	20.9509	81.4209	59.2252	55.9216	39.5953	63.135	88.5257	49.0189	51.4154	29.2015	39.2982	82.1612	53.32	80.0487	69.354	76.5202	93.9476	57.7506	55.7132	63.9708	87.3967	56.0	51.3212	43.0	67.3895	0.0	0.0	0.0	0.0	0.0	67.1442	98.7709	92.1551	93.5304	96.3606	104.9932
sub-0014	28.584	39.9273	83.1704	57.8265	83.2592	73.2194	79.3293	94.766	37.2463	25.0057	81.4735	60.1241	57.1335	42.1578	68.2549	88.3839	58.8	52.5984	28.6187	35.9206	84.7745	57.1441	83.7798	72.1834	77.8641	94.0667	60.1183	58.6716	67.6841	88.3041	60.7778	49.4817	0.0	67.9498	0.0	0.0	0.0	0.0	0.0	66.7445	100.2176	91.3628	95.8708	95.8	103.5606
sub-0015	25.672	32.4104	82.424	56.8789	81.8824	69.66	76.4261	91.7832	32.5755	26.0879	79.8682	60.093	56.4368	40.5113	64.5569	86.1047	58.2143	50.4774	24.8249	37.6565	81.2971	55.1223	81.0087	69.5988	75.5678	90.7858	58.3351	55.9389	65.1669	85.4873	58.7	51.8124	0.0	65.9295	0.0	0.0	0.0	0.0	0.0	66.7778	98.9675	91.5872	91.794	96.8491	101.0138
sub-0016	26.0653	46.3459	84.3097	55.6782	84.2499	70.7126	77.5881	96.52	36.6847	24.3719	82.1629	60.45	57.7513	40.2103	67.5159	88.6868	55.9375	51.0989	24.931	42.2848	83.25	53.8281	84.2689	70.5378	76.6875	95.361	59.332	57.482	68.4215	88.7581	51.0	48.6728	0.0	69.0182	0.0	0.0	0.0	0.0	0.0	70.3057	101.0755	97.2493	96.8294	97.3819	107.3247
sub-0017	21.9155	41.9134	83.1161	56.4921	85.385	71.5747	78.8639	97.1317	31.3617	21.924	82.6917	61.7244	55.6226	36.1872	67.25	87.7789	56.2	51.6137	22.0856	28.891	84.5959	55.954	86.2253	72.2036	78.283	96.314	59.8282	58.8951	67.9918	89.0684	48.9286	49.029	0.0	67.7163	0.0	0.0	0.0	0.0	0.0	67.3699	99.7634	88.5038	93.0945	95.002	103.8965
sub-0018	20.2116	40.1285	84.5492	56.0702	83.2927	69.573	77.3522	95.6525	29.0464	20.6927	81.6257	59.145	59.7309	34.2124	64.8908	88.1397	57.6	44.298	21.7368	37.259	84.3189	54.3275	82.3366	68.898	76.7446	94.8251	60.033	59.3507	65.166	86.8399	56.5333	46.1533	0.0	64.18	0.0	0.0	0.0	0.0	0.0	63.1746	101.1518	89.9655	90.9295	95.7534	102.027
sub-0019	26.6259	48.1686	83.3891	55.1638	88.0286	71.969	79.6997	95.825	31.2773	18.7899	82.3003	57.7605	57.1005	34.079	65.5182	89.1597	58.8182	56.3289	26.9616	37.9582	82.5536	53.0461	85.6301	70.9102	77.8023	93.4827	56.6801	55.1672	64.7579	88.6627	56.75	55.1352	0.0	66.1336	0.0	0.0	0.0	0.0	0.0	65.3529	104.4419	95.2264	95.1683	96.2853	103.8331
sub-0020	19.2525	47.1042	83.8155	55.7372	85.2666	72.1841	79.4588	95.1838	28.8809	20.9827	81.6329	60.4927	57.8237	36.7365	64.7748	87.9343	55.5918	48.8333	16.8748	32.45	83.4218	53.8247	84.8918	70.1761	77.5675	94.4283	57.0499	57.4508	65.4276	87.0131	52.381	47.2897	0.0	66.8525	0.0	0.0	0.0	0.0	0.0	58.7985	103.2425	89.4502	91.7033	94.5043	101.1721
sub-0021	17.2233	42.9009	82.3996	51.9231	84.8775	69.3906	74.9844	94.8434	27.6975	19.8637	82.3962	59.1051	54.9983	39.7435	61.8942	88.7441	47.4176	46.1802	22.7613	40.7302	82.9412	50.7585	83.82	70.1258	73.5624	92.8616	56.231	53.8803	64.6203	87.8086	44.7	51.6311	0.0	69.4482	0.0	0.0	0.0	0.0	0.0	63.515	104.8502	88.589	96.1445	99.4734	106.5957
sub-0022	30.9365	31.325	83.1998	55.6721	83.9686	69.4895	76.0815	95.1478	36.2956	21.614	81.9999	57.8838	55.6439	41.936	63.8837	87.8337	54.4474	54.7653	29.3722	27.1441	82.6402	54.0832	82.9013	68.3267	74.0874	93.8538	56.0978	54.3743	63.9871	88.4441	51.8261	51.5316	0.0	69.5006	0.0	0.0	0.0	0.0	0.0	63.2134	104.6435	95.3989	93.3593	98.4871	103.2963
sub-0023	25.8304	29.7404	83.0706	55.3705	84.2567	69.3991	78.5373	96.3037	40.3145	20.4622	81.0244	59.4049	58.0741	43.4554	65.1403	89.4452	59.8947	50.6061	28.9429	33.6351	82.213	53.5189	82.38	69.4042	78.0931	95.4954	57.4654	56.7971	65.5039	89.1524	49.0909	51.5336	0.0	64.3629	0.0	0.0	0.0	0.0	0.0	69.1938	101.5677	95.514	92.4737	97.7307	99.985
sub-0024	28.8922	27.8894	83.4194	57.375	83.243	71.9232	77.6524	93.5069	32.59	26.091	82.1291	61.0219	59.4079	41.1126	68.1685	86.4263	53.25	48.1363	33.4855	34.2205	83.1166	55.8873	82.0114	73.323	77.5333	93.9864	59.7962	58.0913	69.8598	88.0312	55.3333	50.837	0.0	67.5039	0.0	0.0	0.0	0.0	0.0	72.6194	100.9819	90.0075	92.1408	92.7391	100.7977
sub-0025	27.9239	36.7487	84.9173	59.5966	83.5478	70.7006	79.7171	96.4559	33.9112	30.5315	81.1199	60.4241	54.9698	41.0775	64.7729	87.5548	57.5	50.8381	28.5229	32.9496	84.7034	57.5819	81.0195	70.7597	78.2778	94.0304	58.8089	56.116	66.5218	86.6357	54.1667	53.1134	0.0	68.4438	0.0	0.0	0.0	0.0	0.0	66.9433	98.1293	93.7273	92.0453	94.7215	104.1485
sub-0026	23.441	37.4236	82.6556	54.2226	84.704	73.4447	82.1559	99.3987	32.4086	20.7113	81.7107	59.6978	57.8107	38.8697	71.6064	88.3919	56.6429	49.1997	30.8543	30.1106	82.5076	52.145	84.4337	73.7142	79.9898	97.0282	56.8831	54.7157	69.2745	88.0198	46.9783	50.6486	43.0	67.5009	0.0	0.0	0.0	0.0	0.0	70.7579	103.6184	88.1692	93.8417	96.7815	105.8825
sub-0027	20.1254	42.5	83.3266	57.5394	83.754	71.3494	80.1463	95.584	29.1944	20.1153	81.6969	60.2436	60.0094	33.4744	66.8496	87.6603	57.5263	46.4254	19.756	38.9714	82.0866	54.7528	81.5435	69.355	78.6948	93.9418	57.0682	57.5607	67.6	85.9294	56.7778	44.7973	0.0	68.1346	0.0	0.0	0.0	0.0	0.0	66.2671	103.9451	86.3697	93.3434	96.0649	101.382
sub-0028	31.9531	44.9904	84.5568	58.7946	85.072	74.6115	81.6723	97.0367	36.3178	21.843	81.6784	62.2227	61.0475	42.8944	67.2391	87.5369	56.2889	51.2542	28.9088	41.2614	84.3277	57.9044	85.0212	75.4855	79.9473	95.748	61.6892	60.2388	70.0344	87.4055	51.6087	51.8423	0.0	71.2662	0.0	0.0	0.0	0.0	0.0	63.3646	96.3145	89.6102	89.7693	90.8664	104.7914
sub-0029	17.3565	33.9567	84.4222	55.8894	84.4109	69.7657	79.5786	95.3934	29.2555	17.351	83.165	58.9499	58.4714	34.6276	67.026	89.0516	54.7045	47.4119	14.4963	34.6971	84.1068	54.7447	82.4373	67.6938	77.8891	94.9532	57.93	57.8611	65.6362	88.2068	53.1633	42.2217	0.0	65.3049	0.0	0.0	0.0	0.0	0.0	68.7143	97.5647	85.6065	91.5474	95.493	99.3641
sub-0030	34.7417	37.2	83.6354	57.432	84.1398	72.7354	78.0477	93.7846	35.2822	23.3528	80.7116	62.5914	61.1955	41.8865	66.6775	88.4989	53.2	51.8626	29.3992	32.4328	82.7491	55.5476	82.5204	71.9171	77.1803	93.9816	61.0342	57.8543	67.7781	87.4011	57.3182	50.1052	0.0	68.4255	0.0	0.0	0.0	0.0	0.0	68.5985	98.951	91.4665	87.1213	88.5491	101.7243
sub-0031	29.2155	30.9467	83.4898	56.5941	82.6432	70.9285	77.6285	92.938	29.269	23.3608	81.556	59.8107	56.6236	35.0866	65.2	87.4927	53.9655	49.4961	27.9661	27.6459	82.6895	53.375	80.654	70.9864	76.4755	93.1856	58.2827	55.1323	67.4397	87.1203	54.5926	48.3547	0.0	67.2367	0.0	0.0	0.0	0.0	0.0	66.5141	96.6084	88.6366	88.0565	93.4311	99.4284
sub-0032	33.8095	47.551	82.7084	55.7768	83.4449	68.9535	76.3687	92.2765	31.1086	25.0365	79.5326	62.4476	56.1235	42.593	63.7347	86.491	47.6667	55.242	28.5839	41.8929	82.4888	54.0086	80.676	67.26	74.6807	91.6972	59.4267	54.3914	65.4845	85.2458	53.675	48.2124	0.0	68.2664	0.0	0.0	0.0	0.0	0.0	67.1674	100.1619	91.0641	92.191	91.099	102.902
sub-0033	27.8354	48.1795	83.0325	55.5758	82.3705	71.911	78.8003	94.2781	41.9816	20.5269	82.0027	60.6225	55.9307	41.1739	66.2868	85.3276	56.8571	50.2561	30.7222	44.8017	82.4231	52.7477	81.5943	70.3956	78.5543	93.5928	58.4945	57.151	67.83	85.1289	57.5	53.7329	0.0	66.6987	0.0	0.0	0.0	0.0	0.0	76.3333	99.5376	89.9841	91.3083	94.2387	105.1272
sub-0034	21.905	39.8162	83.53	55.5279	80.9869	66.8908	74.9158	92.9652	31.0864	19.5665	80.4012	56.4025	54.1942	33.7392	62.0333	86.2641	55.6471	48.1328	20.6165	34.0872	83.0733	53.997	79.9697	65.833	73.4598	91.4068	54.738	53.1175	63.1959	86.5225	47.8462	45.1728	0.0	66.1744	0.0	0.0	0.0	0.0	0.0	63.637	102.5136	91.678	93.4189	93.4232	105.0202
sub-0035	18.9068	36.3753	86.4331	58.5704	83.723	68.3876	76.1151	93.1849	30.04	24.2743	81.7855	59.4663	58.6705	38.6359	62.3576	85.7124	56.0	46.1269	24.0773	27.5371	85.2996	56.903	81.5662	67.5785	74.6896	89.9724	57.8656	58.0064	64.5631	85.1796	0.0	47.0676	0.0	66.1457	0.0	0.0	0.0	0.0	0.0	68.8667	99.4133	84.0923	95.2631	95.3038	100.1698
sub-0036	21.5706	43.6641	84.4641	57.2181	87.1905	75.781	82.689	98.4854	34.2339	22.0637	83.2729	60.846	59.6653	41.2414	69.8252	87.6759	55.7928	48.4781	20.8849	30.6936	84.405	55.287	87.353	74.8423	81.2174	97.9949	59.3174	56.8481	70.2991	89.5541	48.8403	48.4022	0.0	70.5085	0.0	0.0	0.0	0.0	0.0	65.9091	100.5961	91.4175	98.2802	99.3101	105.9151
sub-0037	20.7931	43.3069	84.8817	55.6763	84.6936	72.3511	79.9928	97.4062	29.412	18.7986	82.1124	59.1689	56.7097	38.6158	68.721	89.1722	58.2222	46.482	20.3887	36.5368	83.2811	53.7805	84.1841	70.8947	78.0637	96.1432	57.6736	56.5028	68.1255	87.5573	55.5938	47.574	0.0	66.9939	0.0	0.0	0.0	0.0	0.0	67.8607	100.8464	88.859	94.9155	95.7173	102.9439
sub-0038	20.3099	38.2215	83.4361	53.2214	83.8292	72.1005	77.1879	95.8656	29.6697	18.0636	82.4581	57.7862	55.2559	36.3742	66.9988	88.4568	56.9231	50.2111	20.5933	35.2814	83.883	51.5001	84.1838	70.8726	75.8129	95.6877	56.1673	54.8769	66.3266	87.175	59.6667	51.2884	0.0	67.5558	0.0	0.0	0.0	0.0	0.0	69.0175	104.1842	90.9048	94.9268	95.8539	103.8419
sub-0039	22.9315	37.2656	83.9966	56.8377	88.621	73.9624	80.1789	97.2582	32.1742	26.5796	81.284	62.3617	59.9705	37.4715	69.19	89.1939	55.3448	48.766	22.9421	34.1429	83.5585	55.2365	87.3049	73.8457	78.2785	97.6052	60.5283	57.9341	68.405	89.2115	57.1538	51.3709	0.0	68.5253	0.0	0.0	0.0	0.0	0.0	71.0563	103.8091	91.0347	92.9848	96.1328	101.5282
sub-0040	21.8672	39.7207	82.0521	53.4041	83.5488	70.4465	78.4409	97.828	31.0727	17.4801	82.0102	58.9403	57.7108	35.7736	65.1948	88.2044	60.0	47.4831	24.647	37.2915	81.548	52.0273	82.753	70.3415	78.0845	96.3556	57.0366	56.3254	67.2197	87.4737	59.6923	48.7387	0.0	67.925	0.0	0.0	0.0	0.0	0.0	67.0093	102.3461	93.802	94.2307	98.3029	102.9814
sub-0041	31.1829	45.1769	84.1846	55.3296	83.7564	69.9138	76.3248	93.8718	39.7164	21.9622	81.7271	61.596	56.7021	40.6081	65.5345	87.392	52.7619	58.4135	31.2102	43.9888	83.6595	53.8053	82.2101	70.7497	75.7845	93.5795	60.8988	57.6131	66.3527	86.4134	49.0417	56.8736	0.0	68.1696	0.0	0.0	0.0	0.0	0.0	67.3699	101.0518	89.4621	90.5665	91.25	104.3022
sub-0042	26.2601	39.1216	84.4854	56.4169	83.3883	72.798	78.8515	97.2055	36.2877	22.5457	80.1819	60.4139	56.122	40.333	67.331	87.3459	55.125	48.5758	24.906	35.1438	83.423	53.3783	82.2005	73.1525	78.1445	95.6339	57.8066	56.7669	69.4446	88.1331	60.3571	48.3395	0.0	66.1951	0.0	0.0	0.0	0.0	0.0	74.1953	103.5329	91.509	94.6635	94.5137	106.6613
sub-0043	29.1298	40.1963	84.2837	58.8128	84.2198	72.376	79.6378	96.9257	30.5096	22.8062	81.3385	60.4848	60.3246	36.6998	66.6956	88.6305	57.5	52.7846	25.9422	44.4917	83.413	56.3551	83.5842	71.8291	78.191	95.8679	60.2111	59.524	68.9552	88.0656	60.0	49.0635	36.0	66.9066	0.0	0.0	76.0	0.0	0.0	65.8421	99.5283	85.4755	90.8497	93.7032	101.7381
sub-0044	24.6043	39.2157	83.8771	57.1292	84.1643	70.9161	77.7214	93.2755	30.6485	24.403	81.4553	61.4288	59.7423	40.0631	69.7786	87.0872	55.7895	46.3086	19.8177	27.3323	83.4816	55.5027	81.1965	69.0659	76.2278	92.5248	57.7296	57.402	68.1667	87.1139	55.5	44.149	0.0	67.13	0.0	0.0	0.0	0.0	0.0	68.3162	102.0297	82.5248	91.3333	93.1113	99.1988
sub-0045	33.444	43.6884	83.9027	56.2197	86.0007	76.7092	82.2114	100.6566	41.8298	22.4878	83.0431	62.717	58.1956	44.2581	72.1384	90.2166	56.5	55.4286	30.4244	43.3444	83.5725	54.0841	86.9654	76.7051	82.4486	101.1685	62.158	60.8328	72.0828	90.1659	55.0667	54.4706	0.0	69.8792	0.0	0.0	0.0	0.0	0.0	73.9936	101.6455	94.5154	91.7538	95.3763	103.4244
sub-0046	29.543	43.8589	83.5454	55.8443	84.4086	72.6615	78.8185	96.4818	33.3862	21.8394	81.2	60.8999	57.8714	42.9582	66.8802	86.0633	56.6316	49.3674	28.9828	41.8746	83.7107	54.2824	83.0883	71.6483	78.6618	96.204	61.4164	58.1684	66.6167	87.3501	56.8667	50.7509	0.0	69.1348	0.0	0.0	0.0	0.0	0.0	65.1163	97.9647	92.9936	90.1	90.799	102.8232
sub-0047	16.9798	40.8589	82.7714	53.2004	82.4311	69.7272	79.2594	98.019	24.2103	16.8654	81.4921	58.8953	57.0628	29.0852	64.5146	87.6011	51.5714	44.3968	19.8008	32.8737	82.3869	52.1748	80.0918	69.1837	77.8429	95.4048	55.6882	54.6765	67.8226	87.2595	52.1667	45.2577	0.0	61.1793	0.0	0.0	0.0	0.0	0.0	62.7051	100.172	88.4176	94.0929	97.5521	103.0305
sub-0048	24.3682	41.9889	83.9427	57.096	82.9308	71.4368	81.408	98.5105	36.1457	24.613	81.8667	61.5343	58.3146	40.5191	67.8281	88.6502	60.275	46.7964	25.9685	45.6974	84.9859	56.035	83.4764	71.0274	80.5292	98.0941	62.3686	59.4747	69.3625	87.9171	61.5	48.2883	0.0	66.2971	0.0	0.0	0.0	0.0	0.0	66.3398	96.3056	92.4274	89.8847	94.0178	103.6004
sub-0049	36.2714	41.6275	83.9508	55.6833	86.1166	73.3196	78.3768	97.1436	41.1466	22.494	82.576	61.2013	58.1553	42.6402	65.8835	89.03	57.52	58.4377	44.2951	33.3812	83.5097	54.0819	84.9646	73.1564	77.4374	95.9891	58.603	56.7298	67.9262	88.1233	51.931	59.9945	0.0	69.5167	0.0	0.0	0.0	0.0	0.0	63.8598	88.5747	89.0147	91.0873	87.4431	101.7637
sub-0050	20.1256	35.7719	84.9644	57.987	83.7081	69.0755	78.0689	95.0611	28.9479	21.9707	81.6207	58.9192	57.1073	37.7868	65.7383	87.644	55.4231	45.1909	17.8519	31.0998	84.2133	55.4921	80.1167	67.5512	76.8741	96.1276	56.5912	55.509	66.2107	86.6978	49.8621	42.3545	0.0	66.0389	0.0	0.0	0.0	0.0	0.0	62.0204	103.1933	90.4168	92.7092	94.9209	97.9379
sub-0051	20.8032	43.1889	83.537	56.1439	84.2632	71.7918	79.4254	96.4916	33.7436	22.3664	83.1302	59.7345	58.0107	37.6897	67.4621	87.6273	49.5263	46.6153	25.4216	28.3155	84.9217	55.6361	84.4226	71.7896	79.8499	97.4434	58.075	57.7454	68.7438	87.8009	53.3889	46.0575	0.0	65.68	0.0	0.0	0.0	0.0	0.0	70.9161	100.8927	87.553	94.0086	97.0811	101.6914
sub-0052	27.6071	37.5816	82.8384	56.2204	84.0608	69.9221	76.4072	92.3947	33.3362	21.0688	80.3462	60.1549	57.1738	43.629	64.4751	87.2283	61.6	50.3266	30.7267	31.3278	82.8384	53.7985	83.3622	69.6417	76.4438	92.5597	58.6304	55.7636	65.6992	86.7166	58.625	50.9239	0.0	69.3896	0.0	0.0	0.0	0.0	0.0	62.1127	101.2044	90.6662	93.3509	96.5194	103.5572
sub-0053	34.4746	45.4821	83.7836	55.69	86.2293	73.3146	79.8094	96.2309	39.2139	25.7807	82.9427	61.5807	59.0572	41.9555	68.577	88.0292	56.25	56.1838	35.1901	34.3305	84.2438	55.5973	85.0739	72.5309	78.9715	96.5242	59.2047	57.1161	68.3429	87.4538	46.4615	56.6477	0.0	68.2203	0.0	0.0	0.0	0.0	0.0	69.8	104.6817	93.9853	94.1295	92.2887	106.0805
sub-0054	23.2107	50.04	83.6779	57.4821	83.8323	70.2459	77.942	95.7581	34.1531	23.3917	81.6196	60.6293	58.2617	41.1814	64.4002	88.3544	56.4444	49.0551	26.2859	36.4132	84.2489	55.6812	81.5512	70.326	77.2642	94.5346	58.1251	57.6742	65.5621	87.8303	61.4	49.7491	0.0	66.7985	0.0	0.0	0.0	0.0	0.0	64.9048	102.7255	89.2186	95.1837	98.0947	100.7931
sub-0055	26.8353	39.7647	81.9168	53.537	83.2551	70.08	76.0056	94.899	39.0287	20.0513	81.3479	59.4351	56.6785	42.2962	64.3633	87.868	58.8182	55.5542	35.9466	39.6364	81.4716	51.4161	84.0147	71.5543	76.4377	95.5426	58.3774	57.3348	67.1241	87.5873	58.5714	57.1094	0.0	68.916	0.0	0.0	0.0	0.0	0.0	71.0574	104.2239	92.5517	92.0798	95.835	108.2108
sub-0056	22.0148	41.1551	84.5137	56.3236	83.8429	69.6183	77.4509	94.5324	35.2076	20.8535	81.6515	57.4796	56.5273	38.9364	66.3207	87.4474	56.9286	48.6283	26.6084	40.0821	82.8996	53.8378	82.1565	66.8778	76.4515	92.8357	58.0174	55.3976	64.3696	87.3009	55.25	49.4695	0.0	65.2102	0.0	0.0	0.0	0.0	0.0	67.9423	99.7101	88.23	91.3557	94.0554	100.7358
sub-0057	22.7674	35.0087	83.1229	55.1948	84.5252	71.1648	78.6985	96.097	26.2255	17.7152	80.6139	61.1976	58.3514	36.886	64.7275	87.7576	55.0	48.5657	17.1663	31.9352	81.8789	51.8465	82.6149	68.4708	76.0557	93.5915	57.1406	54.6248	66.1191	86.2425	53.125	45.3455	0.0	62.762	0.0	0.0	0.0	0.0	0.0	64.2971	99.3805	88.4142	94.7845	96.3248	100.4461
sub-0058	28.6164	53.4342	81.9946	56.2022	84.3969	71.1971	80.07	94.8382	37.4736	23.009	81.1149	63.4157	60.8181	40.4215	67.1335	86.8808	52.4	52.8392	27.8565	40.4975	80.9418	53.6287	84.6805	70.0537	78.8999	93.8031	60.6336	59.3956	69.67	87.6401	48.6667	53.8109	0.0	67.7673	0.0	0.0	0.0	0.0	0.0	67.6767	101.9864	94.7122	91.5045	96.1673	101.5043
sub-0059	20.5133	42.0777	81.8399	53.9411	84.264	71.5009	78.2858	95.4086	27.3305	19.5122	80.9183	61.6353	57.5242	37.1522	65.0254	88.2439	56.0769	48.0114	18.7704	33.6211	81.9096	52.0134	82.3388	70.3642	77.1209	95.1446	59.8462	56.6587	67.1145	87.5684	57.7	45.3306	0.0	66.6731	0.0	0.0	0.0	0.0	0.0	68.0064	96.1433	85.5496	94.6826	95.6899	99.777
sub-0060	27.9385	32.5798	81.5928	53.6319	85.2294	72.2083	79.5338	95.9808	34.2202	23.2829	81.0633	58.8409	54.9	39.1909	66.6538	87.4685	58.5	52.5592	29.34	31.2173	81.2569	52.4033	83.7294	71.7751	79.2259	95.3804	58.489	55.1159	67.8322	87.0733	60.0	52.5089	0.0	70.2335	0.0	0.0	0.0	0.0	0.0	61.7286	105.2345	89.9329	92.3617	94.8171	107.9453
sub-0061	26.9162	46.7955	82.6863	55.307	84.2111	75.47	79.9739	96.6143	33.5832	21.0362	81.1523	61.571	56.2833	39.9347	70.4934	89.6004	56.0	50.0408	27.2922	43.4326	82.3084	53.6321	84.5342	74.2515	79.1238	96.6618	59.8526	56.0787	68.5591	88.252	61.6667	48.8442	0.0	69.0167	0.0	0.0	0.0	0.0	0.0	74.8512	107.9146	90.0121	95.4412	98.7176	110.3556
sub-0062	26.7683	42.6414	84.1977	56.7752	82.5125	71.9499	80.4876	97.0378	28.9304	17.7945	82.4046	59.2	60.3401	32.4398	65.7503	89.0738	54.0	51.2198	25.9101	33.36	83.5445	54.1105	80.2315	70.6734	78.396	94.0385	57.092	59.1648	65.9027	86.5616	54.0769	50.1123	0.0	66.8802	0.0	0.0	0.0	0.0	0.0	65.719	99.0541	91.4502	91.1325	96.4404	101.3426
sub-0063	15.9102	36.6415	83.3848	57.6996	85.4531	70.7358	79.7499	97.2564	22.3425	17.3479	82.537	61.2086	59.2122	33.358	64.9622	89.6586	53.5714	48.5628	14.4704	27.3837	84.0261	56.5761	83.1986	70.0662	77.6762	94.1412	57.9766	57.0383	66.5316	88.6269	57.1818	44.4118	0.0	67.0696	0.0	0.0	0.0	0.0	0.0	63.648	100.053	86.0956	93.0779	96.1317	102.351
sub-0064	24.4343	44.0291	84.6737	57.3233	83.77	70.6779	77.9571	94.0385	38.6546	20.8797	83.1198	60.521	57.0128	38.9249	66.3611	87.6347	60.2	48.7971	26.5077	44.614	84.368	55.4145	83.214	71.7844	77.168	94.0742	59.7266	56.6774	67.0936	87.5758	52.1304	49.6148	0.0	65.9933	0.0	0.0	0.0	0.0	0.0	64.8426	102.0752	91.3437	88.7137	95.9572	99.2936
sub-0065	23.1248	42.2414	83.7144	55.6852	84.6027	72.0016	78.7113	97.0368	31.3727	20.133	81.3681	61.693	57.3769	42.4788	67.0037	88.3765	57.1111	48.205	23.8765	45.4406	82.4312	52.3226	82.141	69.5344	77.6068	96.5867	60.6157	57.8263	68.7719	88.1527	56.3636	49.9167	0.0	63.1346	0.0	0.0	0.0	0.0	0.0	66.7848	98.2242	89.6521	93.131	96.3584	101.6886
sub-0066	18.5916	36.8066	83.8452	54.9657	83.1112	70.9261	78.9534	95.2715	25.6265	15.3312	82.3757	59.1971	59.7705	31.1935	66.3861	88.9699	59.8889	47.8806	14.6182	31.123	83.7939	53.4125	81.4206	69.5872	79.5662	96.412	57.1516	59.452	67.5719	87.6444	50.129	42.8109	0.0	61.8854	0.0	0.0	0.0	0.0	0.0	65.1417	101.3685	91.1179	93.8671	95.0692	102.0563
sub-0067	23.6618	38.1538	85.3254	56.5303	82.9143	70.2499	78.2923	98.6591	31.2646	19.2712	82.363	58.5743	54.8667	33.233	67.3483	88.206	57.1471	52.5597	22.4834	36.9162	84.0934	53.9663	81.2854	70.037	77.1764	97.9626	56.8833	54.842	66.1496	87.0511	58.5714	50.7667	0.0	67.2927	0.0	0.0	0.0	0.0	0.0	68.3115	101.2347	91.5705	92.4232	92.3941	103.939
sub-0068	28.7941	45.1329	84.5199	56.5998	88.592	72.511	80.6071	97.1832	37.5438	23.8454	83.1571	62.5483	57.201	43.6415	68.992	89.3989	60.7857	52.6068	33.0733	40.3516	84.0679	54.8797	85.9926	73.7946	81.4951	97.5029	60.3115	57.5113	70.2508	89.3382	61.4286	54.9874	0.0	69.6149	0.0	0.0	0.0	0.0	0.0	66.6135	107.5356	94.7125	94.3625	94.8211	109.9021
sub-0069	29.9051	46.3986	81.0635	57.2436	85.794	76.3824	82.0304	97.0878	39.2886	24.0791	81.5253	62.8267	59.5576	44.0391	70.4837	88.521	57.9535	52.1465	31.7668	45.057	81.0318	55.3515	84.8641	75.9778	80.5769	95.2373	60.4917	60.2865	71.9771	88.7829	57.8649	53.9817	0.0	69.454	0.0	0.0	0.0	0.0	0.0	72.0526	102.1916	95.68	92.5839	97.6827	103.2653
sub-0070	24.6224	45.5991	82.7402	56.3749	83.5735	70.5314	78.6116	94.5529	30.5316	22.6604	80.8779	60.9528	61.1468	39.7335	65.1466	88.5423	56.4118	50.3739	23.6734	42.0355	83.0899	55.8455	81.5023	68.6789	78.3504	93.7896	59.2053	59.0757	65.7928	86.9579	59.3333	50.8637	0.0	66.9365	0.0	0.0	0.0	0.0	0.0	66.3976	97.157	90.1026	93.2848	93.6123	100.6892
sub-0071	28.1166	43.7979	84.9582	55.5432	86.0307	72.5438	78.2562	95.012	38.5283	19.8268	82.0737	60.2556	57.7613	36.7782	67.8508	88.6925	59.6429	54.7361	22.3068	37.069	83.0919	52.7055	85.7736	71.1013	77.3407	95.8507	58.2094	56.143	65.7637	89.5246	55.25	53.0	0.0	70.4815	0.0	0.0	0.0	0.0	0.0	63.8241	110.1242	94.7413	92.5512	99.072	106.3857
sub-0072	29.5771	48.1481	83.5096	56.1678	79.9473	69.2505	76.6209	90.9075	38.4951	22.3096	80.556	59.0595	59.8984	37.3944	63.5106	85.4029	47.0769	55.4436	34.7563	40.7053	83.1535	55.1201	80.2452	69.6849	76.1776	91.7713	58.304	57.8619	65.0972	85.9144	50.7273	55.0663	0.0	67.1472	0.0	0.0	0.0	0.0	0.0	67.0744	101.7019	96.951	92.3693	92.8327	103.1092
sub-0073	25.3797	42.3035	85.121	56.4543	85.9987	72.1558	78.8212	96.6597	27.708	19.8521	82.026	62.0298	60.8404	41.7163	65.7188	90.0848	58.1111	49.7348	32.1341	36.4567	83.6837	53.3624	84.8217	72.0019	78.725	96.6837	59.6143	59.2023	68.7324	88.7048	57.45	52.4641	0.0	69.3379	0.0	0.0	0.0	0.0	0.0	67.3145	103.8843	96.1976	93.7889	96.7446	104.876
sub-0074	30.8402	38.3474	82.9383	56.4685	85.8853	71.7838	79.5282	96.2715	35.669	21.3267	81.8415	64.2942	60.4792	43.5696	66.6559	89.2715	55.1667	55.3599	22.494	43.6413	81.8459	53.5701	85.6503	70.8056	78.7469	94.8451	62.2857	60.2769	67.2482	88.2404	60.875	48.5244	0.0	67.6281	0.0	0.0	0.0	0.0	0.0	67.5247	99.241	88.4967	93.2697	96.2151	99.8256
sub-0075	23.2324	38.593	83.2255	56.0021	84.0991	72.6486	80.5093	94.7898	33.3535	21.5543	82.9186	60.5118	59.4019	37.2785	66.8401	88.9001	58.5333	48.7372	24.8176	34.1485	83.3119	55.2168	83.4212	71.6177	78.3687	93.8703	59.5097	58.9534	66.3166	88.1153	61.619	50.1218	0.0	66.4303	0.0	0.0	0.0	0.0	0.0	64.0916	99.9025	90.0488	90.5557	96.8079	101.8108
sub-0076	19.0	45.0078	85.2788	56.942	80.8133	68.1919	75.4616	95.8128	31.0609	19.6138	81.8773	58.2652	56.601	32.0275	64.2838	86.3639	52.8462	49.1774	20.3705	27.8739	84.7708	55.0893	80.2043	66.5809	73.8656	93.9315	56.2902	54.6599	64.0157	86.3881	57.5	47.6667	0.0	67.2443	0.0	0.0	0.0	0.0	0.0	64.8676	101.9012	91.877	95.4554	97.7407	102.2617
sub-0077	24.8594	41.3825	83.157	55.5132	78.5288	70.3532	77.2899	94.5485	31.9592	23.0892	80.0254	55.1794	52.7832	37.9557	66.6497	85.9545	51.1613	49.5759	23.184	33.404	83.0154	54.2895	78.3869	69.2926	77.0811	94.5198	54.4081	54.0291	66.8411	85.7158	57.6786	49.4307	0.0	67.3726	0.0	0.0	0.0	0.0	0.0	68.4331	101.0478	83.3467	90.3161	94.1167	98.4141
sub-0078	27.3225	48.9577	83.6078	56.6633	84.8399	72.98	80.9834	98.2737	33.8295	22.0954	82.577	63.974	62.0249	38.1937	66.739	88.8115	58.5882	49.2642	28.4479	43.3268	82.3504	53.3442	83.2232	73.193	79.589	95.3792	61.4228	59.4249	68.1657	88.1615	51.1364	49.4207	0.0	67.8238	0.0	0.0	0.0	0.0	0.0	71.2419	101.066	94.6938	93.2393	92.861	103.7751
sub-0079	18.1072	32.0762	84.455	57.8858	82.7183	69.4701	77.1131	96.0944	27.796	22.7865	81.246	59.3607	58.7202	37.6181	64.3944	85.5344	58.4375	44.3832	14.6606	29.1386	84.328	56.0617	80.6587	67.7687	77.3756	95.7865	57.0074	56.538	66.0044	86.7237	56.5	41.3491	23.5	62.9794	0.0	0.0	0.0	0.0	0.0	69.2246	97.567	83.7657	91.1705	94.8884	98.6922
sub-0080	23.6899	36.1507	81.8577	54.874	84.3881	73.6986	79.5754	97.9075	30.8146	14.7794	81.1571	60.1765	54.8898	35.581	69.6448	89.0144	55.9208	49.86	22.8559	27.2207	82.4285	53.127	84.9629	74.9745	78.6265	97.2592	57.8601	54.0953	69.6651	90.5417	53.2727	50.4394	0.0	70.3563	0.0	0.0	0.0	0.0	0.0	69.1319	106.77	91.715	101.2406	99.1146	113.0073
sub-0081	18.3215	33.2658	85.016	57.8285	84.2702	69.6575	77.2482	93.2933	24.3325	21.9138	82.0327	61.4131	57.8546	36.6629	65.494	87.2437	53.0	43.6233	19.7913	36.7258	84.7967	55.429	81.9542	68.7943	76.3768	93.0592	59.6286	58.6755	67.3652	87.2647	54.25	44.2395	0.0	64.7901	0.0	0.0	0.0	0.0	0.0	62.281	100.2321	89.9187	93.8571	95.5161	100.6189
sub-0082	23.775	38.2778	82.7547	54.2519	83.6792	70.2343	76.9727	95.0398	33.4128	18.382	81.2511	57.5542	54.3959	35.1644	63.8824	87.5982	59.7143	49.9576	26.1052	27.7918	83.1662	52.8565	83.3138	70.8183	76.178	94.5632	55.2559	54.2991	65.7393	87.6335	54.5385	51.6425	0.0	67.5013	0.0	0.0	0.0	0.0	0.0	64.7941	103.0572	87.5426	96.4803	99.5888	102.7549
sub-0083	15.7647	28.1953	82.2199	56.6819	85.8532	72.3766	80.1201	98.7569	23.8896	20.7016	82.7112	60.0327	59.8004	39.4687	68.235	88.8568	60.0357	44.763	14.9673	28.0566	81.0427	53.7989	83.2037	71.0355	78.0656	96.5549	58.1537	58.0688	69.4638	88.1079	54.24	44.261	0.0	65.4765	0.0	0.0	0.0	0.0	0.0	69.3986	100.0966	83.1631	89.6319	93.1151	99.2167
sub-0084	19.9082	44.6835	83.6823	56.4528	84.8888	74.3903	79.7852	97.1153	36.1847	23.2601	82.3383	61.7791	57.8572	39.4267	68.9477	87.8572	56.9167	49.3916	25.2079	37.0255	84.9522	55.2399	84.9844	72.5526	79.3741	96.2295	60.7457	58.3293	68.0535	87.7217	50.8571	49.9787	0.0	68.5993	0.0	0.0	0.0	0.0	0.0	71.2199	100.6801	88.8065	95.751	96.5479	106.3184
sub-0085	28.5115	48.7308	83.6111	58.3407	81.099	69.9861	76.4075	91.1748	35.0527	25.9279	80.3924	60.0296	57.6518	37.2039	66.003	86.318	48.5833	53.3489	25.7696	33.5173	83.5442	57.0211	79.9081	69.3799	76.0807	91.3044	57.524	54.9114	66.1135	86.3056	0.0	49.1101	0.0	67.8402	0.0	0.0	0.0	0.0	0.0	67.9441	101.9087	93.6392	90.9314	92.0119	102.3358
sub-0086	16.6771	38.6202	83.4692	55.529	83.8038	69.7122	79.4241	94.7616	27.3202	18.4207	82.3699	59.3123	57.102	38.3313	65.4745	88.5034	53.4425	45.0937	19.8049	35.9439	83.2177	53.8624	83.9763	70.6703	79.1246	94.8981	60.0458	59.1298	67.7123	88.0465	53.5152	45.5609	0.0	65.3761	0.0	0.0	0.0	0.0	0.0	64.7579	97.0414	86.4464	91.2983	93.6186	99.8497
sub-0087	35.2623	42.5845	83.1421	55.9068	83.9333	69.7032	76.1036	92.6576	42.2097	23.0022	79.1956	61.3428	58.3566	43.7104	64.7704	86.9377	51.4091	53.7843	29.8811	31.1509	82.5799	53.5356	82.2518	68.9813	75.6959	94.4308	59.0746	56.9651	65.1175	85.5138	57.4	52.9757	0.0	68.7008	0.0	0.0	0.0	0.0	0.0	63.6699	97.8899	89.8605	87.9301	93.5618	102.695
sub-0088	14.3405	34.1579	82.6193	53.9866	83.7971	69.5829	78.4139	96.9103	26.518	16.8334	81.3612	60.5274	59.3524	32.9847	64.0933	87.6482	58.8636	45.2013	15.0242	35.2922	84.8469	53.6013	82.8847	68.3786	76.1921	93.8948	58.2249	59.3609	64.0963	85.7859	54.8824	44.6639	0.0	65.6186	0.0	0.0	0.0	0.0	0.0	65.3688	99.0677	83.4918	92.7534	95.9158	100.5903
sub-0089	22.5914	34.9194	83.0142	56.019	83.2277	69.1701	76.0591	94.4344	28.6508	17.6622	82.538	59.4631	56.0267	38.1361	65.61	88.2301	56.9804	49.0	21.081	38.0838	83.5215	53.7477	83.3815	68.3959	76.6257	94.4196	59.1946	58.5749	66.4966	88.4528	57.9231	47.6017	0.0	67.2382	0.0	0.0	0.0	0.0	0.0	65.2297	100.0149	85.8152	93.501	97.158	102.9824
sub-0090	23.7415	45.3143	82.8069	55.6558	86.6941	73.4923	80.4524	96.9197	30.7539	21.9872	81.9508	60.8999	59.5812	37.741	66.1331	89.1636	60.9	49.0903	21.6142	37.6921	82.5054	53.6172	84.601	70.8261	79.441	96.5482	57.9409	57.133	66.9682	88.6761	58.5833	46.9723	0.0	69.0777	0.0	0.0	0.0	0.0	0.0	64.9535	103.3116	87.158	94.1564	97.5238	102.0043
sub-0091	41.4362	47.3387	83.6042	56.1644	84.5144	74.1691	79.3345	96.6778	36.8423	21.0866	82.081	63.8879	60.1436	44.5193	67.3356	89.3487	56.9167	59.8859	28.4208	33.8789	83.7548	54.5356	82.6544	72.2564	78.6934	96.3522	61.4762	58.8447	67.8161	86.8269	58.6667	47.4333	0.0	67.8975	0.0	0.0	0.0	0.0	0.0	70.5455	101.8112	98.2937	92.2559	96.4406	104.3603
sub-0092	21.7636	32.9102	82.2419	51.5224	80.6483	66.7636	72.7411	91.4081	26.6039	16.655	80.6447	56.0631	53.0551	34.3973	60.8894	84.1977	50.875	50.3701	22.6741	34.0784	83.2226	51.7974	81.2126	66.3921	72.2775	89.6902	53.9615	51.2596	61.9611	84.3505	53.875	48.2984	0.0	68.301	0.0	0.0	0.0	0.0	0.0	64.1803	104.7554	93.7447	96.4007	97.9946	108.4825
sub-0093	18.7039	37.9324	84.4345	54.3101	84.6601	70.8364	80.8985	97.5836	25.1529	16.5557	82.9951	60.087	60.3786	34.495	66.0685	89.1446	56.3333	45.5413	22.87	30.7092	85.1342	53.9803	85.6586	70.3981	79.4403	96.5938	59.0615	59.0648	67.8205	88.6516	48.913	46.2611	0.0	66.1636	0.0	0.0	0.0	0.0	0.0	65.8363	100.9926	93.2827	92.8632	95.7038	101.4867
sub-0094	26.1852	40.259	83.3565	55.0279	84.1598	71.5742	78.3415	93.3654	30.77	19.1739	81.1764	59.7535	58.7636	39.5587	69.6309	87.3024	57.0714	48.2286	24.1315	38.044	81.4401	52.2239	82.3317	69.4066	76.8699	92.5777	58.2506	55.4211	67.681	86.329	50.3077	48.9892	0.0	65.8338	0.0	0.0	0.0	0.0	0.0	68.2541	99.9568	86.6481	94.7161	94.2113	105.2334
sub-0095	23.1594	44.2018	83.2552	54.5354	83.6668	70.9898	77.6472	94.5819	34.381	21.1473	82.2536	59.871	57.6524	36.0222	65.4363	87.6758	57.0	47.7046	24.8171	42.7969	81.8751	52.2834	82.4669	69.6877	76.0862	93.5302	58.5477	56.2091	67.0015	86.1528	60.0	49.7613	0.0	67.2431	0.0	0.0	0.0	0.0	0.0	63.5652	99.8229	89.1381	93.8595	97.28	100.3936
sub-0096	32.4924	31.9096	84.7333	59.0029	82.6808	70.4112	77.2987	94.2815	40.2978	23.1395	79.926	61.3426	60.2977	39.2717	63.3052	86.388	57.875	54.5089	28.6955	24.1374	83.2821	55.8584	79.3708	69.7673	76.5562	93.4793	57.6426	57.5062	65.7005	85.6783	52.4167	53.0537	0.0	66.3732	0.0	0.0	0.0	0.0	0.0	66.5547	102.3266	95.4066	93.0343	95.6873	99.4247
sub-0097	23.2177	41.6648	82.8303	53.4989	82.2376	69.3109	77.49	93.7863	29.4916	21.0218	82.1139	57.0229	54.8953	36.3673	64.1227	87.6333	57.4839	52.3212	21.1392	36.6406	83.0662	52.6123	81.5353	69.3783	76.5789	93.0167	56.566	56.2149	66.0116	87.0441	53.8043	47.3491	0.0	67.0007	0.0	0.0	0.0	0.0	0.0	69.1402	97.56	88.3866	94.2	97.3043	102.6726
sub-0098	25.4588	42.934	83.6376	56.3514	84.5331	71.3019	79.1133	97.4431	35.0678	26.4741	82.4427	59.9178	56.1176	38.042	66.3585	88.9863	60.0	52.4044	24.0556	43.7099	83.0279	54.5248	83.1989	70.8501	77.7386	94.1958	58.0675	56.4531	66.6471	88.4647	55.8182	47.9215	0.0	68.0484	0.0	0.0	0.0	0.0	0.0	64.1651	104.2086	93.4527	97.3027	97.5675	108.3028
sub-0099	16.3236	44.7457	83.2291	53.3845	83.8583	69.1786	77.1702	96.9108	28.9537	15.9967	81.7723	59.4452	60.7217	32.8016	63.4954	88.2528	57.7241	43.7401	19.105	40.6215	84.3016	51.8791	81.6791	68.7011	75.4799	95.2977	58.6441	59.5169	65.4106	86.8743	54.7368	47.9489	0.0	66.9223	0.0	0.0	30.0	0.0	0.0	62.9281	102.3957	87.8459	97.3165	98.1801	103.4346
sub-0100	19.7149	42.0795	83.4652	56.5849	84.2126	73.7645	78.8602	95.8893	27.4115	20.3141	82.5955	60.1892	57.1541	35.3962	67.7785	88.7442	54.9667	45.7003	20.3814	30.6479	84.0834	55.3388	83.4714	71.615	78.6007	95.793	57.0152	56.1322	68.5262	88.3708	38.2617	46.1592	0.0	68.2215	0.0	0.0	0.0	0.0	0.0	66.5306	101.9253	91.0785	94.0328	93.9926	100.2818
sub-0101	22.054	35.7717	82.4135	56.2805	82.2862	70.5473	79.5828	95.8926	32.4103	22.1277	81.4821	59.2738	57.1989	39.1655	65.6084	87.2749	52.4222	45.8173	26.2964	28.6372	83.3241	55.0038	81.2748	70.1953	78.5086	94.5461	58.962	55.8121	68.136	86.1644	55.8333	49.1296	0.0	66.1819	0.0	0.0	0.0	0.0	0.0	66.0305	99.8439	90.167	89.8257	95.5225	100.9291
sub-0102	25.009	48.1875	83.5487	55.2928	82.9081	73.2335	78.5536	95.2874	37.3362	24.6156	82.3973	61.7103	59.9596	41.8925	67.1893	88.5765	59.5625	50.5611	24.4214	39.9731	82.4095	52.827	80.4735	70.603	77.4187	94.0664	59.313	58.2529	67.0541	87.1607	55.08	50.636	0.0	68.1437	0.0	0.0	0.0	0.0	0.0	70.2818	101.0669	89.1886	95.4554	96.957	107.2537
sub-0103	28.1407	45.8101	84.3783	57.5013	84.4561	72.8714	80.4604	95.092	35.7461	27.2272	83.1215	60.4719	59.3278	45.2867	68.7679	87.8244	57.8333	50.5095	29.8624	35.3913	83.9897	55.3603	82.4747	70.8491	78.7475	92.8921	58.42	58.1248	68.7114	87.3095	57.7692	50.3389	0.0	68.9853	0.0	0.0	0.0	0.0	0.0	73.7661	96.0466	92.3273	92.8878	92.5561	105.0736
sub-0104	23.4592	36.7048	83.3477	54.3126	85.1614	72.3976	80.0286	98.7729	35.8425	21.4302	82.9479	60.612	58.2355	37.1355	67.7767	89.4793	60.1429	50.2434	22.0406	33.8338	82.3148	51.9651	83.4869	71.8466	78.8713	99.2508	57.9673	57.5588	67.37	88.4623	59.4762	51.7963	0.0	67.207	0.0	0.0	0.0	0.0	0.0	72.0827	102.8869	87.0415	94.9722	95.014	103.3087
sub-0105	37.4348	48.92	84.8328	59.5118	86.5396	75.0572	81.7319	99.5994	48.5252	26.5754	80.1899	62.5002	58.972	48.2166	69.4062	88.8192	55.3784	58.8939	37.5046	32.6015	84.6133	57.6484	84.2505	74.3871	80.0073	97.6454	61.319	58.3185	70.4337	87.4638	56.025	55.8882	0.0	68.7667	0.0	0.0	0.0	0.0	0.0	71.0098	100.9982	91.9885	90.1512	91.3743	103.8021
sub-0106	27.5755	41.0242	82.8163	57.3973	82.4118	72.3085	77.9355	94.2349	39.2266	21.2348	80.8389	59.9629	55.9474	41.5719	64.7439	86.8093	61.3333	52.633	29.3734	41.4897	82.825	56.4465	83.6514	72.0855	77.5467	93.0259	59.8623	57.1497	66.8788	85.9913	0.0	51.9891	0.0	67.0127	0.0	0.0	0.0	0.0	0.0	66.5579	100.8663	93.5958	92.6702	95.0023	103.2801
sub-0107	25.1768	39.1234	83.6822	57.0119	83.2494	70.1824	77.0343	93.5922	35.648	25.5664	81.9041	61.01	58.5779	42.1997	63.8842	87.2152	58.1429	47.6988	25.3969	40.5753	83.0125	55.2876	82.9145	69.9515	77.2795	92.4139	60.8999	58.2019	66.4507	87.0434	0.0	47.7935	0.0	66.6297	0.0	0.0	0.0	0.0	0.0	77.0484	100.9686	88.9022	93.4481	95.1418	106.4408
sub-0108	37.8135	43.0133	83.5167	57.0191	82.553	71.2216	76.3631	96.1491	37.6322	22.7535	81.666	60.0689	59.3645	44.1632	64.9582	87.2038	50.4348	53.3627	32.4513	39.1108	83.5804	54.8108	80.4848	70.1203	75.5569	92.7604	59.736	57.8478	65.8912	87.681	56.0	53.2436	0.0	68.1603	0.0	0.0	0.0	0.0	0.0	64.3932	99.8119	92.3497	90.1449	94.5546	104.3594
sub-0109	20.7025	45.3772	84.3407	57.6414	81.2299	71.3767	79.2297	95.4564	32.5229	23.8664	82.523	58.6417	57.5568	37.3477	65.2815	88.0881	45.8727	48.8517	21.7889	35.0465	83.0041	55.0009	80.0508	68.4701	78.7342	93.7098	55.5415	56.384	65.825	86.1942	57.0	47.8632	0.0	67.2238	0.0	0.0	0.0	0.0	0.0	68.3721	100.8163	89.6098	92.9741	93.3668	104.9184
sub-0110	25.4518	50.2446	83.6215	56.7624	85.1418	71.2595	79.2785	96.1157	35.3669	23.7622	82.819	62.0903	61.9924	40.2417	66.2871	88.6736	59.8182	49.8439	26.3969	32.7634	84.2334	55.3348	83.8176	70.5714	77.2903	93.7551	59.8687	59.7685	67.0367	88.3255	58.0	49.1336	0.0	66.7033	0.0	0.0	0.0	0.0	0.0	66.1182	98.9902	90.6455	94.7845	96.5852	97.7961
sub-0111	23.5681	37.7154	82.7629	58.0732	83.0271	72.7169	81.4828	96.9058	38.3912	24.8128	82.1471	61.7097	58.8405	42.1877	67.929	87.0224	54.2308	51.1632	34.5917	33.1816	84.4828	57.2946	83.3656	73.9829	80.355	96.064	60.2833	59.43	69.679	86.6006	59.8667	56.5947	46.3333	69.1999	0.0	0.0	0.0	0.0	0.0	63.5103	99.1289	89.876	93.9378	94.6365	105.8082
sub-0112	24.493	35.5678	83.3683	56.6952	80.554	69.4148	77.9976	96.7988	31.0605	19.8777	81.7983	59.9762	55.5704	33.0506	65.3701	87.2436	56.6905	51.4118	27.3627	28.2961	81.6128	53.7736	81.0431	70.3576	77.5563	96.4142	57.0709	57.0851	66.5333	87.6349	55.6667	52.3255	0.0	68.183	0.0	0.0	0.0	0.0	0.0	67.9196	100.9777	90.4156	92.8874	95.559	102.3667
sub-0113	26.1944	42.1324	84.7215	56.2173	82.8738	67.8061	75.3958	92.38	39.0744	21.5533	81.8994	59.36	56.9819	41.8182	62.3512	88.2134	56.4667	49.703	30.2315	39.8	84.0101	52.4768	80.7663	67.8324	74.2727	91.7671	57.763	56.5443	63.6181	87.012	45.2	53.0836	0.0	65.9658	0.0	0.0	0.0	0.0	0.0	64.7407	99.5631	92.3889	93.2855	94.9505	101.864
sub-0114	28.6133	39.44	83.0429	56.1865	84.1792	71.9482	78.6165	95.1303	37.3617	25.7418	81.8211	61.0602	58.9719	41.5817	67.1461	87.7177	57.0	48.1292	27.1214	35.7022	81.6232	53.2705	82.4177	70.6902	77.2534	94.5051	59.1784	57.5289	67.5217	86.5223	55.5385	49.3309	0.0	69.8445	0.0	0.0	0.0	0.0	0.0	67.5714	104.9287	91.4505	94.18	97.0386	108.4447
sub-0115	27.1968	45.9545	84.1674	56.6243	86.5344	73.8841	80.3992	97.6495	38.073	24.1956	81.9296	63.6931	60.8737	48.0477	69.5761	89.2979	52.9677	50.306	38.3863	35.1527	84.1608	55.7828	86.6436	75.8317	79.2794	96.233	61.8641	61.3987	71.0889	88.9848	58.0	60.7653	0.0	70.9906	0.0	0.0	0.0	0.0	0.0	70.0068	101.0166	92.7035	92.8506	99.2777	100.9532
sub-0116	29.9526	34.8983	82.454	56.3871	83.2228	71.0814	76.264	94.2375	35.0808	23.3887	80.8717	60.0344	58.6133	38.5316	66.2248	88.6066	53.9259	48.29	26.9846	29.4055	83.0026	54.5661	82.537	69.6074	75.1955	93.5339	57.5493	58.1993	69.6705	86.758	42.0	50.7555	0.0	67.2465	0.0	0.0	0.0	0.0	0.0	71.6533	100.7286	91.2664	90.8256	96.6769	99.5446
sub-0117	26.431	34.2015	82.5792	56.3334	84.3927	72.4104	80.279	94.466	35.5741	21.8169	80.8729	58.7333	55.6178	39.8079	66.9658	86.4788	53.0625	49.3882	26.9835	27.8789	82.5081	53.9308	82.4173	72.6069	79.7069	94.9716	57.468	55.4873	69.467	85.0141	58.0667	51.2504	0.0	66.1821	0.0	0.0	0.0	0.0	0.0	69.4486	95.8089	90.5475	93.2356	93.1284	105.8601
sub-0118	26.2635	39.8445	84.2958	54.5962	83.9751	69.8589	78.3198	95.649	28.7988	17.2109	80.9859	60.2059	56.8606	37.3749	65.9735	86.2146	54.7969	48.036	22.689	35.4488	82.8953	51.3429	82.4567	68.6268	77.3714	94.6661	58.5756	56.9258	66.8154	86.8914	47.4688	42.7826	0.0	66.8273	0.0	0.0	0.0	0.0	0.0	69.6567	100.7076	89.2472	92.0378	90.7772	105.4601
sub-0119	20.2269	38.7778	83.5133	54.8563	80.4999	68.8741	77.7435	94.2495	28.8777	20.8419	81.259	58.3737	56.6375	33.9642	64.9764	87.5175	59.2667	47.9902	21.4898	39.9467	82.5493	53.0445	81.3157	68.5536	76.5583	92.803	56.7101	56.2472	64.5662	87.0856	57.0	48.4069	0.0	65.978	0.0	0.0	0.0	0.0	0.0	65.869	100.8213	88.7048	95.6576	97.9274	100.6528
sub-0120	24.292	37.0478	84.9489	59.0739	84.6291	71.5228	80.9263	97.3737	33.1031	23.5741	82.3406	61.117	61.0383	39.142	69.3333	89.424	55.6269	47.3562	23.3067	33.3184	84.6813	57.2815	85.0987	71.4638	80.1339	96.5971	59.8838	60.575	71.3507	88.1799	47.697	49.406	0.0	67.497	0.0	0.0	0.0	0.0	0.0	65.7714	99.2	90.9412	90.1259	92.935	95.1761
sub-0121	26.1454	41.661	83.1141	55.6794	83.7732	70.073	77.5927	93.6382	36.7576	20.6075	81.244	61.695	59.4304	39.6438	64.0242	88.3787	55.4737	52.7892	24.3875	33.0619	82.5608	53.292	82.2726	69.9274	76.9248	93.6017	59.9139	59.6391	66.6456	86.5515	55.6	50.294	0.0	66.4578	0.0	0.0	0.0	0.0	0.0	69.4324	104.6937	92.7063	91.7133	94.4653	104.4482
sub-0122	27.7659	45.0217	83.4619	54.8838	87.2892	70.8479	77.7966	95.3659	34.2204	23.5957	82.8455	61.3843	60.9956	39.448	65.4071	89.0786	0.0	52.5383	22.3353	43.9829	83.1265	52.797	84.2766	68.9546	77.008	94.1612	60.6194	59.8391	65.0513	87.7517	58.4545	48.1828	0.0	67.664	0.0	0.0	0.0	0.0	0.0	73.8907	100.919	89.7096	95.3133	95.4548	102.3275
sub-0123	27.0624	37.6636	84.0294	59.1064	85.5077	72.9243	80.7388	95.1992	34.104	23.2412	80.9673	61.0825	59.163	39.8935	68.4728	85.9649	66.0	48.5728	27.5404	32.5099	82.4478	55.9007	83.6828	73.1776	79.5886	94.2772	58.4473	56.7315	70.6887	85.9733	60.6667	50.1429	0.0	67.7006	0.0	0.0	0.0	0.0	0.0	67.8509	102.7969	87.8528	94.0498	97.8774	102.6255
sub-0124	18.7486	43.3674	83.371	56.0851	83.6026	67.5328	77.7926	95.28	27.7085	19.3911	81.7725	59.8687	58.6283	40.4655	65.7782	89.3115	54.3939	44.7737	19.4424	30.9021	84.4123	55.2462	81.4319	67.006	77.4645	94.9113	58.9203	58.5196	65.4258	88.466	51.675	49.8207	0.0	65.9662	0.0	0.0	0.0	0.0	0.0	64.1628	98.537	88.2493	91.793	94.1267	99.2796
sub-0125	14.5064	36.0823	84.1403	54.2608	84.9979	71.2927	77.2034	97.8023	27.923	19.9312	83.2423	58.1375	55.029	33.0354	64.8306	89.9279	54.3571	47.1476	17.9312	31.4518	84.5574	53.0551	86.1791	71.4573	77.1658	97.2333	55.7343	54.9313	67.416	88.9719	53.8846	46.6386	0.0	67.5057	0.0	0.0	0.0	0.0	0.0	62.7616	106.0647	90.4992	93.8708	97.4614	103.7004
sub-0126	21.7134	39.267	84.1306	58.1119	81.0716	67.2779	76.2839	94.5076	26.3953	25.3969	80.4167	58.338	56.0296	35.3185	63.806	86.7373	52.7333	47.0704	21.5282	35.8967	83.57	56.186	79.6383	66.5337	74.511	93.6418	57.2438	54.6862	65.111	85.4936	59.1667	49.559	0.0	67.0484	0.0	0.0	0.0	0.0	0.0	65.5746	101.3685	90.7487	93.6894	94.2595	101.4292
sub-0127	24.0834	39.5122	83.4522	54.4512	83.0913	68.6476	76.6813	94.1282	29.4932	19.8782	80.9404	58.8639	57.5417	36.6192	65.9846	88.4185	58.5455	48.4851	24.3558	37.4503	82.6477	52.5316	81.212	66.7805	75.2044	92.3309	56.4573	56.1315	65.3896	87.0106	56.7273	47.4611	0.0	67.3875	0.0	0.0	0.0	0.0	0.0	71.8659	98.7776	85.59	93.4335	93.534	105.5613
sub-0128	23.1935	44.3276	85.2617	56.8367	84.7868	71.1804	76.354	95.8721	31.6271	21.6815	84.1157	60.913	58.8938	35.2662	67.7632	90.1703	58.2	47.3064	25.3523	29.1994	84.4244	53.9672	83.8349	70.2883	76.2981	95.9752	58.379	58.1604	68.2069	90.0018	53.4615	46.7945	0.0	67.6975	0.0	0.0	0.0	0.0	0.0	69.9394	101.8435	87.0585	90.0534	92.6291	104.7704
sub-0129	23.6064	38.4764	85.0332	56.7308	85.1372	72.3468	77.7348	94.1646	31.0315	21.7666	81.4774	59.6812	58.0858	41.869	66.619	86.3261	52.1143	48.528	25.7427	38.0086	83.3565	54.2073	84.1889	70.7144	75.9009	93.1034	59.5816	56.8257	69.6403	86.473	54.5455	49.8707	0.0	65.8025	0.0	0.0	0.0	0.0	0.0	72.4817	99.818	90.7201	96.7961	96.074	104.4351
sub-0130	21.8675	47.3185	83.6165	56.1062	84.0343	71.6785	79.3383	94.7378	26.0578	18.2672	81.3217	60.5691	58.156	35.796	67.9729	88.272	57.4286	48.0723	20.5042	35.7188	83.6334	53.7362	82.5993	71.0381	76.9239	93.3798	58.1189	55.9145	67.8942	88.1214	58.2308	46.758	0.0	68.4523	0.0	0.0	0.0	0.0	0.0	63.806	101.7792	89.8339	93.9802	96.214	101.4381
sub-0131	24.2833	35.009	82.7415	56.3589	84.7819	70.4507	79.8004	95.2049	27.0372	23.1767	82.4214	61.1617	58.3182	36.7818	64.493	86.7335	55.1071	47.4731	26.3664	35.8934	83.8704	55.3067	84.9103	70.829	78.0603	92.5595	59.5191	58.9101	67.1198	87.7632	51.0	49.3926	0.0	67.5169	0.0	0.0	0.0	0.0	0.0	69.982	97.6632	93.7019	92.67	97.6992	101.5917
sub-0132	28.5938	40.3805	84.1566	54.965	83.9452	68.5156	74.7539	93.8182	33.1779	22.0282	82.4016	59.7071	56.7654	41.0928	64.9783	87.0345	48.8725	52.875	29.2179	44.484	84.6318	54.136	83.6854	68.8601	74.1226	91.6584	57.9626	56.4219	65.4986	85.8766	53.4615	52.3729	0.0	70.5637	0.0	0.0	0.0	0.0	0.0	64.8739	104.5	87.886	97.0098	97.435	105.6842
sub-0133	14.4567	29.022	85.3733	58.6534	83.1704	70.272	79.6474	95.077	21.5416	18.3026	82.1126	61.6984	59.3665	37.4858	64.8448	88.1652	59.0	43.431	15.9378	28.9652	84.6181	56.0261	81.8597	67.9147	77.1456	94.9664	57.6623	55.8687	66.5479	86.8222	54.1176	44.8345	0.0	59.9832	0.0	0.0	0.0	0.0	0.0	60.6909	99.7336	85.3366	94.6654	98.7596	100.6452
sub-0134	17.4243	24.7618	83.8128	54.7133	84.4702	69.5591	76.58	96.1818	26.4216	18.0622	82.5137	59.8141	56.9521	31.1084	62.2465	89.2338	58.1	46.2259	19.4431	28.7681	81.9793	51.8117	84.2754	68.6337	74.9253	93.9435	57.075	55.1811	65.5919	88.7451	54.4667	47.9323	0.0	65.4021	0.0	0.0	0.0	0.0	0.0	61.8862	104.9053	90.4122	93.8032	100.0771	105.4518
sub-0135	18.3301	40.2586	84.2136	56.6201	84.9031	71.516	79.9248	96.4128	27.9128	20.5612	78.9971	61.0998	60.2802	22.1684	66.6138	87.3028	54.2	45.9618	20.0499	36.3562	83.5987	53.922	84.1562	69.707	78.2711	94.8188	58.8375	57.6146	66.3688	86.2507	58.125	44.6307	0.0	67.1015	0.0	0.0	0.0	0.0	0.0	65.7114	103.1377	88.7936	92.3103	94.941	96.1732
sub-0136	28.7228	38.6259	82.9432	53.8353	81.1987	68.0958	76.1548	93.4469	30.6002	19.4334	80.7198	60.1059	57.3458	39.1377	61.8154	87.612	57.8095	55.049	28.698	35.25	83.1478	51.9359	80.7561	67.8872	74.5321	91.8385	57.0748	56.4319	63.4204	86.6393	51.5	54.0769	0.0	66.4065	0.0	0.0	0.0	0.0	0.0	65.625	101.175	95.6523	94.6016	92.4953	105.7547
sub-0137	25.0478	45.8313	82.9422	53.9781	81.0681	68.5141	77.5137	94.8141	27.7605	21.9919	81.4239	58.1803	55.7492	35.9173	62.9974	86.8152	55.1429	48.0531	28.5958	39.9828	83.0348	52.7773	79.3163	65.7758	75.6051	93.9465	56.1269	54.921	62.3893	86.2309	52.413	50.9094	0.0	68.644	0.0	0.0	0.0	0.0	0.0	64.2312	99.4344	88.1448	87.7994	93.0983	100.7202
sub-0138	31.0353	33.2176	85.8521	56.6171	87.7138	72.3906	79.7731	95.9432	33.905	23.1702	82.3871	58.7082	57.0968	41.8746	66.6121	88.4451	55.4	52.9211	23.2561	31.629	85.1708	54.1121	83.6997	70.3686	78.6996	96.6156	57.6998	56.6461	66.0905	88.4164	50.9375	49.6755	45.0	68.515	0.0	0.0	0.0	0.0	0.0	64.7165	102.2921	90.4264	94.1395	93.8244	107.6364
sub-0139	21.5555	39.5859	82.779	56.1678	85.5377	70.4975	77.6265	97.3113	36.6864	24.4173	81.5678	58.0907	55.7587	39.5617	65.8398	87.7153	56.7	46.1549	18.8436	39.3856	83.4637	55.4363	85.8668	69.1797	77.9364	96.6556	57.51	56.6385	65.9305	87.1673	62.3077	44.4484	0.0	66.686	0.0	0.0	0.0	0.0	0.0	67.0769	97.4995	77.4004	88.2381	93.6234	99.6807
sub-0140	18.4856	46.2101	83.1925	57.1389	83.9076	71.0842	80.179	94.8902	30.063	20.4175	81.6123	61.2025	57.887	36.4107	67.7183	87.2093	60.4286	46.7576	19.6355	43.9194	82.6783	54.7079	83.2561	70.1718	79.5555	95.3604	60.8967	57.7585	67.422	87.5708	61.375	47.9178	0.0	67.723	0.0	0.0	0.0	0.0	0.0	68.3649	99.552	89.6337	93.6109	96.8391	103.0784
sub-0141	19.1025	29.0257	84.2915	55.0677	83.0555	68.3061	75.4382	91.6387	38.4302	20.546	81.1218	59.2378	57.2228	38.891	63.8834	86.2378	60.5	45.7765	21.9492	35.861	82.6041	52.7141	80.3916	67.5489	75.4997	91.0136	56.2757	54.7584	64.9074	85.8403	54.6667	48.1169	0.0	65.183	0.0	0.0	0.0	0.0	0.0	61.8156	100.2337	91.2098	92.9698	95.693	102.4825
sub-0142	25.1299	37.7213	82.7519	53.3657	83.2636	68.6751	75.7609	94.9309	37.0183	16.6447	81.0139	57.926	54.506	39.135	65.8634	85.9873	47.8148	50.7079	28.9616	37.1093	81.3962	50.6349	81.02	68.8525	76.4959	94.7066	56.5562	54.8067	65.1143	86.2284	46.3846	52.3308	0.0	68.1992	0.0	0.0	0.0	0.0	0.0	65.7222	100.9146	90.5385	91.0784	96.2094	101.9816
sub-0143	24.3032	42.1186	82.2069	54.7002	79.9567	70.0451	78.1189	93.4975	31.9735	23.7474	81.3165	57.9659	54.9282	37.1083	65.9175	86.2601	54.2182	53.2187	34.1771	36.9832	82.8844	53.3505	79.6575	71.5583	78.8906	93.9911	57.9814	56.1751	67.8087	86.2937	61.6667	51.9242	0.0	68.2581	0.0	0.0	0.0	0.0	0.0	71.8106	101.637	89.3598	93.0648	94.3183	103.0243
sub-0144	20.7925	39.5301	83.3723	57.0398	84.3808	72.3195	79.4706	94.943	37.5945	20.9581	82.5972	60.5564	57.0175	42.0987	67.5027	88.4262	60.1613	44.6655	20.8451	31.7886	83.2844	54.9535	83.4945	69.9129	77.6844	93.8636	59.5	58.4819	67.6307	88.4733	54.1875	44.4875	0.0	64.6435	0.0	0.0	0.0	0.0	0.0	70.6879	94.8549	87.0578	92.6245	96.854	99.4764
sub-0145	24.8742	42.2468	83.4958	55.2341	83.3005	71.3735	78.5313	98.0039	32.0902	22.4059	81.0767	58.5864	57.8206	35.2342	68.0869	87.9575	51.2857	50.0592	19.945	33.1952	83.1039	53.9307	81.6536	69.3241	76.8267	96.3606	55.9808	56.6864	67.4916	86.6264	54.0	45.1103	0.0	68.6747	0.0	0.0	0.0	0.0	0.0	65.7358	99.4961	88.0119	92.1356	92.5593	106.0134
sub-0146	27.4159	49.2273	83.556	57.5512	83.0526	73.3139	80.637	97.5406	35.7665	24.2067	80.8062	58.8399	57.2352	32.9245	68.1465	88.0556	63.2273	46.6627	27.8533	37.2642	82.7606	55.7392	80.5929	71.5331	79.3652	96.8104	58.133	55.8909	67.8597	87.4185	61.0769	48.031	0.0	67.3532	0.0	0.0	0.0	0.0	0.0	68.6068	100.5376	93.3608	92.1617	92.8571	104.1218
sub-0147	27.5281	47.2121	82.6114	56.2541	86.8031	76.9614	83.0064	99.1221	37.3719	21.5669	82.7276	62.8424	59.7335	40.7122	70.4795	89.1113	60.7368	51.1894	30.0555	43.2568	82.5016	54.5682	88.2973	77.7296	83.6532	99.8097	61.8721	60.6792	73.3484	88.9531	64.1667	52.4661	0.0	67.7039	0.0	0.0	0.0	0.0	0.0	72.0621	101.9439	90.3462	92.7548	95.7782	106.0383
sub-0148	24.5237	54.1	84.3852	58.8496	88.3201	75.9935	83.4211	98.8733	33.319	22.4444	82.9522	63.9336	60.5184	41.4403	72.9777	89.7458	0.0	52.7846	24.3679	49.4848	83.4314	55.7131	86.7855	75.9627	82.3718	97.911	62.2874	61.0253	71.6813	90.9434	0.0	49.492	0.0	71.2579	0.0	0.0	0.0	0.0	0.0	68.0406	105.9019	98.7497	95.7729	94.4926	109.9654
sub-0149	23.5457	40.4647	81.9684	53.7586	85.1096	72.5645	80.0539	97.4086	28.3937	20.5487	81.4937	59.1433	57.5772	38.255	65.7481	87.2491	57.125	50.2235	28.6884	28.255	83.0584	53.0742	84.0781	73.3249	78.6411	96.1596	57.423	55.6818	69.6738	88.9438	53.6538	51.7707	0.0	68.1204	0.0	0.0	0.0	0.0	0.0	68.3247	103.684	94.6179	95.5754	101.7651	105.1891
sub-0150	23.5823	42.5468	83.7514	58.6517	83.0323	73.6888	80.637	95.9429	37.4621	27.9942	83.8816	62.093	59.434	39.0589	67.6849	88.1779	59.0	48.8855	24.9705	52.7429	83.4893	57.286	83.0429	74.5253	79.8655	95.1528	60.8498	58.8818	69.2356	86.6016	55.0769	47.7504	0.0	68.2193	0.0	0.0	0.0	0.0	0.0	68.7609	103.2256	88.86	95.9709	96.6435	101.9125
sub-0151	21.5091	35.2333	83.2248	55.2226	82.3214	69.3751	75.9628	94.1966	28.4431	20.6083	80.3014	59.6324	59.0855	37.0435	66.3847	87.6272	54.8125	46.2011	19.9216	35.4338	83.0416	53.2173	82.4931	68.1634	75.7031	94.7143	59.1683	57.121	66.0405	86.6505	51.2727	46.1386	0.0	67.8891	0.0	0.0	0.0	0.0	0.0	65.8156	102.3384	85.4816	91.4956	96.2533	98.3063
sub-0152	27.8512	38.475	83.8972	53.9148	83.274	70.779	76.564	91.8707	33.2899	20.0303	81.6288	58.3845	54.4348	39.9708	67.5945	86.4423	55.9286	48.7464	23.8021	38.3931	84.6495	53.5626	82.9242	68.9967	75.5378	90.5698	57.5007	54.7496	67.2278	85.8632	54.8	50.4545	0.0	67.0762	0.0	0.0	0.0	0.0	0.0	72.5182	101.9248	91.7675	96.8916	95.3009	107.0338
sub-0153	24.6929	41.3641	83.8814	54.7901	86.3845	71.934	78.3282	95.7158	33.3285	20.7186	80.8861	59.2152	55.3307	39.4814	66.1253	87.5688	52.5556	51.6902	22.0791	32.4408	83.6393	52.9621	85.8973	71.4125	76.7786	94.6212	57.5203	55.5419	67.0027	88.6037	55.9286	48.4424	0.0	67.233	0.0	0.0	0.0	0.0	0.0	68.0486	100.8339	88.2018	95.9618	96.6787	101.1957
sub-0154	27.232	40.9604	84.2588	57.043	84.9666	71.1005	79.676	96.7457	43.9983	25.4132	83.488	62.4479	61.357	38.6065	66.0126	89.5483	58.4545	50.8843	28.1833	36.4238	84.0058	56.3342	84.1788	71.1633	79.0807	94.959	61.4669	59.945	66.904	88.1412	58.7692	50.8811	0.0	67.7923	0.0	0.0	0.0	0.0	0.0	72.168	100.8862	91.618	91.8397	92.9409	102.6903
sub-0155	24.8297	38.6525	82.7097	57.2682	85.4032	74.2539	80.3567	96.5811	33.8155	20.5265	82.184	61.9168	59.9008	39.7635	68.395	88.329	59.625	49.1554	19.8342	36.6342	82.9517	55.0471	83.9545	72.4472	80.1774	96.6614	60.0874	58.6593	68.8506	88.3889	55.9444	45.1064	0.0	67.2399	0.0	0.0	0.0	0.0	0.0	73.7799	98.8426	89.362	92.5874	95.6578	100.1232
sub-0156	30.6908	45.6579	83.9034	57.2973	83.8143	71.0126	79.0875	96.2043	34.2468	22.5016	81.7319	61.9325	56.9427	41.8216	67.2101	86.6024	60.4545	50.9622	31.5213	32.0983	83.8747	55.8179	83.1543	72.0888	77.6953	95.1523	59.3166	56.7778	68.9083	85.8848	53.9091	49.3269	0.0	67.857	0.0	0.0	0.0	0.0	0.0	62.8365	99.3218	88.6653	90.5648	92.5326	104.4384
sub-0157	22.1833	36.4722	83.2451	56.3284	84.3547	73.4822	81.0227	96.8811	31.1181	18.0378	82.4301	61.1289	57.4402	37.1401	68.9369	87.6438	57.0	47.5807	21.7935	35.8175	82.4359	54.2029	83.1069	72.7772	80.198	95.7508	58.8679	57.0815	70.5968	87.4617	55.9412	48.0924	0.0	67.1719	0.0	0.0	0.0	0.0	0.0	73.2604	104.4992	86.3443	95.2584	96.3338	107.7727
sub-0158	29.767	42.8689	83.2682	57.5213	82.046	73.3204	79.2902	90.9056	35.5729	21.0892	80.1751	61.2148	59.2839	42.1716	67.0974	85.1036	58.8438	52.8209	29.0311	28.6126	83.7001	55.4385	81.9232	72.7223	77.4988	90.3086	59.909	56.875	67.6657	85.1802	53.2059	52.0329	0.0	67.1404	0.0	0.0	0.0	0.0	0.0	67.2281	96.832	92.7906	95.2899	96.0099	106.1078
sub-0159	21.4573	43.0295	83.1302	55.7266	83.9309	71.0298	77.3992	93.5755	37.3284	25.5031	82.0482	61.213	58.6966	38.5564	67.7985	88.3133	52.4737	47.1721	16.3928	27.8814	81.7019	52.9825	82.533	70.3025	76.5798	93.935	59.0185	55.8124	68.4757	87.2391	55.15	44.4915	0.0	66.2491	0.0	0.0	0.0	0.0	0.0	72.3063	97.8449	87.0066	91.7418	94.5917	99.1097
sub-0160	20.5482	34.8696	86.2153	57.5639	84.4618	69.323	76.7526	95.0658	25.232	20.8556	82.3336	58.6154	57.1744	36.4239	63.9186	88.6619	57.6667	45.5774	20.4248	26.3377	84.7659	54.9885	81.3029	68.8227	75.8927	95.1133	57.9102	56.3086	65.8878	86.4408	57.5385	46.4782	0.0	66.8749	0.0	0.0	0.0	0.0	0.0	67.6831	101.0449	93.3302	91.3815	95.3691	101.035
sub-0161	24.9651	43.2439	83.7104	58.8268	85.3984	73.4767	79.7416	93.9	31.6187	25.9774	81.6469	60.1024	57.2995	39.5708	66.0331	86.8526	53.8904	48.283	23.7413	39.5973	84.9699	58.2695	84.2047	73.4587	79.6691	94.7237	59.1189	58.5576	68.8324	87.1312	54.7692	48.8312	0.0	67.4964	0.0	0.0	0.0	0.0	0.0	68.9864	102.2656	91.6494	91.3193	92.8047	104.3906
sub-0162	28.3278	41.6825	83.5101	55.4035	83.3708	72.0085	78.3459	95.0164	34.9698	21.8079	82.1213	59.4399	59.5416	39.5474	65.2589	89.6233	61.1333	51.3957	27.6369	40.8314	83.046	53.0375	82.5092	72.2898	77.6979	95.4009	59.7488	58.8594	67.9807	88.6508	59.8	51.647	0.0	67.5989	0.0	0.0	0.0	0.0	0.0	63.1739	103.5419	90.6544	92.621	92.6217	104.8232
sub-0163	27.4432	39.1528	85.3333	57.5562	85.0181	70.8761	77.8443	92.9392	37.125	23.6813	82.4597	61.3104	57.0656	44.5354	65.5994	86.2316	51.0	54.1893	27.7297	31.8926	84.4232	55.7547	82.4714	70.0251	76.7348	92.8242	58.8654	56.9806	66.6087	86.566	50.4103	49.9113	0.0	66.8374	0.0	0.0	0.0	0.0	0.0	64.7951	97.9419	92.2689	92.9085	94.8711	105.0578
sub-0164	23.5459	31.9534	83.0571	56.5644	81.8948	70.9932	79.684	96.3754	25.0582	23.0375	81.0096	59.0665	57.405	35.8868	66.1576	87.5382	55.4545	50.3104	16.3295	41.2831	82.8255	55.3629	81.1508	69.7406	78.1021	94.965	57.8484	56.6488	66.4559	86.6851	53.2	44.6056	0.0	65.0721	0.0	0.0	0.0	0.0	0.0	61.7181	100.3355	90.8006	92.4926	93.0306	103.5164
sub-0165	20.3743	41.5664	84.6844	57.3754	83.6719	70.7839	76.7602	93.739	33.6674	21.2125	82.3806	60.0458	57.0111	41.7562	65.5916	87.9393	48.9821	45.7944	22.3455	42.3777	85.3359	56.6472	83.411	70.4452	76.8689	94.5738	59.2139	56.9283	67.7979	87.5941	58.0	46.8427	0.0	68.3243	0.0	0.0	0.0	0.0	0.0	65.1429	96.6175	86.271	93.3755	93.8529	99.7093
sub-0166	15.9863	36.1858	83.5286	52.9933	83.3763	68.0376	75.3539	93.5253	26.2123	19.2634	81.8438	56.3681	52.8221	29.9136	61.432	87.774	48.9467	45.9364	15.5483	25.9806	83.8966	52.0625	81.5757	67.3024	74.3038	93.7769	54.5316	52.92	63.0643	88.0824	47.1333	41.7953	0.0	67.728	0.0	0.0	0.0	0.0	0.0	64.2484	104.8818	88.5008	94.6109	95.2004	100.5079
sub-0167	15.8943	40.0064	83.4529	56.6366	83.3403	68.5599	77.7713	95.2503	35.2333	18.1613	80.9803	60.2341	58.0642	39.1524	64.3773	87.184	56.0541	45.7528	21.0617	39.2747	83.1718	54.2415	81.6628	68.6895	77.3328	95.3388	59.4258	56.8703	66.5201	86.679	52.5556	48.2797	30.5	66.0725	0.0	0.0	0.0	0.0	0.0	64.1862	100.9541	88.9582	93.6006	98.9117	99.7564
sub-0168	23.9352	44.8684	81.9334	53.2882	81.356	71.3034	78.3094	98.3271	29.3583	17.666	81.0072	58.2731	55.1486	30.9036	66.7268	87.976	57.7143	52.2869	20.7925	39.5914	81.8561	52.9677	80.7281	71.3814	78.5567	98.7416	56.4954	54.4408	67.9174	88.6328	56.0	47.4594	0.0	66.5773	0.0	0.0	0.0	0.0	0.0	67.2394	102.3958	91.5607	93.5413	93.622	104.527
sub-0169	29.7375	40.6891	82.4826	56.1639	85.3475	74.7039	78.14	93.0772	38.4746	25.1041	80.6855	60.6539	58.1673	43.1432	68.2873	86.4619	52.2308	53.8795	30.6675	28.8898	82.0064	54.0243	84.3683	73.7822	77.837	93.9293	57.623	55.6255	68.996	86.5259	48.7941	51.6902	0.0	66.5741	0.0	0.0	0.0	0.0	0.0	68.7551	100.5942	96.7689	97.2491	97.925	108.7421
sub-0170	16.9887	43.0066	82.1919	53.1001	82.7442	70.3112	79.3752	97.5751	31.1779	13.3864	82.3369	57.2743	57.4505	30.9879	66.2052	90.2423	58.75	46.9835	16.1186	37.9269	81.8579	51.6941	81.8564	68.7665	77.7602	96.9638	56.4031	56.5852	65.8801	89.298	60.5	45.593	0.0	66.5354	0.0	0.0	0.0	0.0	0.0	70.3459	101.1444	91.1703	94.2617	94.914	106.884
sub-0171	30.8585	38.8392	84.4764	56.9865	85.0234	72.8042	78.5764	94.1196	37.1715	23.4867	80.5166	59.8528	55.7121	41.6639	66.9335	87.6915	59.4	53.5833	31.2454	38.0271	83.5569	54.5337	84.1032	73.0474	78.18	94.2971	59.9358	58.6195	67.554	86.8664	53.2	55.05	0.0	70.0027	0.0	0.0	0.0	0.0	0.0	68.1854	100.5959	93.6691	92.824	94.5279	105.0024
sub-0172	26.4605	46.0197	83.671	57.0348	84.6314	73.8594	80.653	98.2913	38.6928	22.4357	82.7078	62.6653	59.2685	39.3238	68.8698	89.1956	55.6111	50.6292	28.6868	40.6437	82.6491	55.6778	83.4932	73.7954	79.9947	98.6625	60.9251	59.0109	69.3436	88.8759	57.7826	53.9164	0.0	66.8858	0.0	0.0	0.0	0.0	0.0	69.6063	100.8494	90.1021	92.2715	93.3007	103.8872
sub-0173	21.2364	35.7859	84.4945	56.0281	81.6062	71.3006	78.41	94.8665	28.9991	24.3173	82.0529	59.0341	56.2734	38.3968	65.2719	88.3247	58.0714	45.328	22.8905	37.2724	83.7646	54.1367	81.8461	70.4226	76.472	93.4336	57.4632	56.2553	67.1162	87.3601	59.4444	49.2872	0.0	65.3518	0.0	0.0	0.0	0.0	0.0	66.9643	101.2487	89.0041	92.387	92.0356	103.0082
sub-0174	24.0241	34.625	84.8194	57.1796	83.264	71.6829	78.9181	94.5248	36.3213	23.107	81.5081	60.2254	56.8458	43.2483	67.2166	87.0037	45.5067	49.1429	24.6225	27.784	83.0538	54.3154	83.4999	70.1423	77.5457	93.4183	58.5949	56.3653	68.0405	86.0452	0.0	51.7928	0.0	66.8669	0.0	0.0	0.0	0.0	0.0	69.7404	99.6265	89.5227	92.7564	97.2654	100.6401
sub-0175	24.1348	48.7118	85.1174	57.4976	83.676	71.44	77.7317	95.7233	33.6979	22.6372	82.5155	62.5828	61.0163	42.0166	64.8284	87.717	0.0	49.4748	23.9819	45.3092	85.3024	56.48	82.4748	70.0918	75.9982	93.6166	60.2627	58.6109	65.9516	86.7096	58.8	49.4106	0.0	65.6324	0.0	0.0	0.0	0.0	0.0	65.0385	100.7318	91.1742	96.1463	98.4031	101.3953
sub-0176	21.5357	40.3496	81.0639	54.858	85.5978	71.4333	81.4008	98.5816	33.2341	22.0733	80.7706	61.6785	59.3862	41.2699	68.5195	89.2092	63.1	48.8222	24.9493	35.4091	81.197	53.8349	85.9407	70.4237	80.9129	97.9945	61.1476	59.2112	69.693	89.5818	58.4	48.7729	0.0	67.9786	0.0	0.0	0.0	0.0	0.0	64.3964	101.9616	91.4389	92.6265	95.7563	102.943
sub-0177	24.5763	44.96	83.9671	56.6903	81.6651	69.4908	77.4768	93.735	33.5954	23.6232	81.1383	59.4078	56.8077	42.4714	63.0896	84.6236	55.381	47.2743	25.1902	44.9854	82.8273	54.2614	80.8816	69.0888	76.1866	92.5234	59.8989	57.0859	64.9386	85.1926	49.2727	49.9561	0.0	66.8897	0.0	0.0	0.0	0.0	0.0	70.8382	101.6614	90.8944	97.0758	95.9662	103.6053
sub-0178	23.3064	38.7091	83.0752	55.1275	84.5112	69.9959	75.8879	94.4322	41.0502	20.1835	80.9134	59.898	56.93	41.6155	66.6149	88.274	52.1687	45.0993	24.3552	37.3452	83.1502	53.8561	84.9925	69.5712	75.3856	93.9509	59.0486	58.1335	70.0265	88.5315	59.4	46.2825	0.0	65.1486	0.0	0.0	0.0	0.0	0.0	70.5245	100.2917	91.3512	92.4124	94.4118	97.6768
sub-0179	17.0977	36.7022	85.2474	55.0781	84.3852	71.6116	77.9464	96.3404	28.5752	21.8922	82.4297	58.4135	56.4017	32.9712	67.6605	88.5393	58.625	46.0617	19.7447	33.3784	85.905	54.8473	82.7525	70.017	76.7342	96.0515	57.7528	55.7901	67.0185	88.4587	58.125	45.9834	0.0	63.1181	0.0	0.0	0.0	0.0	0.0	66.7092	105.4705	92.3292	97.0934	99.7373	104.6954
sub-0180	29.0387	50.2883	82.4238	56.2933	86.8615	74.6769	82.5826	98.1297	45.4263	24.5507	80.9938	64.4218	61.1472	44.5094	70.8064	89.6606	61.5	52.4208	30.1436	44.4815	82.2882	53.9533	85.7657	73.4784	81.5609	96.7001	62.7716	59.254	70.3413	89.5069	60.1111	52.4793	0.0	68.5442	0.0	0.0	0.0	0.0	0.0	72.1603	101.8761	98.2016	91.2557	93.1014	103.1193
sub-0181	29.2063	51.3933	81.85	53.9592	86.8284	71.62	77.3666	97.0987	35.9326	24.0565	81.7485	60.957	60.2959	42.4489	66.8876	88.1358	53.3261	52.3068	36.0601	49.7479	83.0331	53.6029	86.2124	72.0813	76.9204	96.4292	61.4951	59.7168	68.1441	88.4081	51.6071	55.1123	0.0	68.1852	0.0	0.0	0.0	0.0	0.0	69.0476	104.5587	99.8107	90.6704	93.9957	105.5487
sub-0182	17.3693	34.7451	83.4257	54.0958	82.3604	68.5052	74.7201	93.52	24.6576	20.4928	81.835	57.0954	56.007	35.233	60.3108	86.8888	46.5929	42.099	16.3158	33.311	82.8806	52.6839	82.5213	68.2984	74.827	94.8058	57.9993	55.7089	62.7646	87.5343	49.8704	41.563	0.0	65.2642	0.0	0.0	0.0	0.0	0.0	63.8258	99.2291	88.5571	94.4094	98.3814	100.3256
sub-0183	26.8733	37.3716	84.4012	53.3448	86.2761	70.5322	78.3484	94.8443	35.6135	19.4194	81.3749	61.9156	58.2574	38.2365	65.9812	88.4792	61.0	51.998	24.2867	31.68	81.5569	52.757	83.2701	70.5455	76.1716	94.1749	58.4832	55.3208	67.2596	87.8235	0.0	49.5255	0.0	66.8624	0.0	0.0	0.0	0.0	0.0	66.1008	99.1529	90.8978	92.0555	97.9204	102.6636
sub-0184	29.7992	37.2386	84.5536	56.8557	82.0414	68.4185	75.2177	92.7562	32.3709	21.0977	81.694	58.5956	56.3704	39.6242	62.985	87.5571	65.5	50.2905	29.6619	35.9095	82.9381	54.2876	82.3973	68.6936	75.0266	93.4065	56.3242	56.3372	64.9742	86.7925	55.2778	51.8564	0.0	68.0173	0.0	0.0	0.0	0.0	0.0	64.9728	99.7345	92.2674	93.3903	94.5994	105.3325
sub-0185	29.1941	33.2315	83.5094	54.133	83.3728	70.6032	76.7318	95.0444	36.988	20.9487	79.5817	59.0177	55.9053	37.4187	65.8962	86.0415	58.1163	50.3465	27.8208	25.2275	82.9079	52.1906	80.5859	70.4121	75.5861	93.8237	56.6388	57.2873	66.1919	84.9474	59.875	52.9622	0.0	66.1991	0.0	0.0	0.0	0.0	0.0	73.4521	103.3217	91.0892	93.093	94.6889	103.865
sub-0186	25.5472	40.019	83.5437	53.8925	80.0511	67.6909	75.017	91.5847	30.3017	21.2117	80.8728	56.6627	54.3642	36.4662	64.1763	86.0472	48.0227	48.1839	22.6662	37.4082	84.538	53.9113	78.9957	68.3031	74.3402	91.401	55.5718	54.2772	65.3117	85.8461	39.4952	46.3504	0.0	68.0861	0.0	0.0	0.0	0.0	0.0	66.3417	102.6936	91.8064	94.4128	96.1723	102.2542
sub-0187	21.044	35.4163	82.7812	54.5379	80.0977	68.2305	77.3425	94.2559	25.7678	21.1743	81.5738	56.9599	55.6465	30.4003	64.4674	86.9724	56.5833	50.7301	20.9938	27.9466	82.526	53.0218	80.1046	67.719	76.0875	92.9608	55.7664	53.8172	64.7544	86.558	52.5294	49.6203	0.0	66.3169	0.0	0.0	0.0	0.0	0.0	63.5179	103.5186	91.513	92.3484	91.4109	104.7785
sub-0188	14.3727	24.9886	84.9286	56.4032	81.787	67.975	74.9939	92.9275	21.8713	23.3264	83.1071	58.1712	59.0809	35.9001	64.0568	88.2568	56.1429	42.0714	15.9633	29.5041	83.33	54.2892	80.4798	66.2221	74.1906	91.8136	58.7057	59.5482	65.7179	88.0396	55.2	42.5048	0.0	65.7973	0.0	0.0	43.0	0.0	0.0	63.912	96.0672	86.4829	91.4351	93.3712	97.9854
sub-0189	27.5786	39.4796	84.2872	59.0789	83.8748	73.418	80.0874	95.0977	37.8899	23.9969	80.3792	61.4278	59.4728	40.0992	68.6924	86.5258	52.8621	48.4432	26.276	41.1589	83.9718	56.3008	83.3062	72.9697	79.8704	95.9373	60.862	58.7831	69.5116	87.3833	53.8438	47.5958	0.0	68.7529	0.0	0.0	0.0	0.0	0.0	71.8786	102.2783	92.5829	87.6142	93.8229	96.3986
sub-0190	34.3862	35.3421	83.6131	56.5095	87.3308	72.7323	78.6237	94.3847	35.5102	24.6976	82.0917	59.7271	57.3531	42.2301	68.8295	88.4224	55.5238	58.6209	32.9755	31.3591	83.8765	55.5772	83.0373	72.6897	77.9433	93.5507	56.974	56.9827	68.8338	86.7195	51.4	55.1608	0.0	68.8092	0.0	0.0	0.0	0.0	0.0	69.705	104.4706	95.1636	91.2508	94.3547	107.2485
sub-0191	30.7595	35.0825	83.3749	55.3432	84.3773	73.5348	78.6953	97.5478	33.7042	21.7604	81.1079	61.546	58.492	40.1943	66.0671	88.8947	57.15	51.3922	30.2283	41.2	83.1918	53.2544	84.0592	73.5368	77.307	95.0258	59.8252	59.3819	68.298	87.6727	54.1923	50.6169	0.0	68.9003	0.0	0.0	0.0	0.0	0.0	69.8282	101.9692	94.5532	92.7505	92.5019	105.5701
sub-0192	19.8694	37.2211	82.4046	53.5888	81.844	67.0774	75.2185	92.9304	27.0672	17.2619	82.2835	56.7497	56.4218	35.8126	64.2597	88.3602	48.4783	49.184	20.475	39.4842	82.3799	51.9663	81.4182	66.7396	74.4222	93.1384	55.8385	55.1879	65.2467	87.1777	42.5833	47.8089	0.0	68.1953	0.0	0.0	0.0	0.0	0.0	63.9091	102.3164	96.5645	96.6263	96.3702	100.4707
sub-0193	29.614	47.3842	82.3353	55.4124	82.8872	69.8599	76.6096	95.0578	40.3449	24.1635	79.8012	59.5218	57.2881	39.8329	66.8363	87.8234	59.9333	52.7987	31.9529	35.5265	82.3654	53.7574	81.8694	68.9026	75.7374	92.9979	58.56	55.7963	66.5243	86.0412	54.4	52.4633	0.0	66.8262	0.0	0.0	0.0	0.0	0.0	67.2971	98.4916	91.3682	89.4201	94.4674	100.3754
sub-0194	27.5774	45.2535	83.1113	55.6705	84.1349	73.1299	80.9114	98.1619	37.816	23.0007	82.4872	59.9457	58.2138	37.6051	67.0552	89.1861	56.75	51.7471	30.1051	46.1639	83.0176	54.473	82.8325	73.2008	78.232	96.7652	59.0381	57.1633	67.8039	87.5656	58.8	53.8151	0.0	67.1636	0.0	0.0	0.0	0.0	0.0	70.3952	102.935	91.8379	93.1164	91.7913	105.7809
sub-0195	22.3286	38.9184	83.7133	56.9206	85.363	70.7178	78.7515	94.7797	39.5055	24.9278	80.7618	60.0368	56.6877	41.4732	65.071	87.1719	57.1818	47.1288	26.8363	34.9828	84.0462	55.7241	82.7331	71.1978	78.3939	94.2175	58.8894	57.0486	66.3866	86.4642	58.3571	48.0844	0.0	67.2586	0.0	0.0	0.0	0.0	0.0	65.764	103.0815	95.1031	94.9283	98.3662	102.4447
sub-0196	21.4064	41.0678	83.6292	56.3243	79.6968	67.4571	75.7395	91.9967	28.9008	22.9093	80.6035	60.022	59.1809	38.3859	63.6043	87.2339	55.5882	44.3729	22.1104	41.018	83.5788	53.5955	79.6297	67.6904	74.966	89.9502	59.484	57.156	64.9784	85.3675	57.875	46.3022	0.0	67.3409	0.0	0.0	0.0	0.0	0.0	62.3282	98.6	85.5496	91.7422	91.3216	99.048
sub-0197	26.5749	38.3421	82.2216	55.4781	82.784	71.9867	79.4011	94.1506	34.2485	24.046	80.8598	59.7496	58.1833	37.664	67.4404	87.4368	55.7576	50.9148	25.122	40.5325	82.3706	54.2808	80.9209	70.1935	77.1307	92.1783	57.402	56.5911	67.012	86.4703	55.4444	51.4283	0.0	66.7281	0.0	0.0	0.0	0.0	0.0	67.4264	101.1701	91.185	90.196	88.629	104.2409
sub-0198	22.2662	39.0079	85.018	56.6848	85.4184	70.7769	79.1796	95.2852	37.1266	19.0316	81.4769	61.2141	57.0493	36.7224	64.0786	88.2204	53.8387	51.8634	17.5909	37.3544	83.0604	53.4039	85.1547	71.5565	78.5032	95.8888	59.2408	56.7999	66.4191	87.99	50.9655	46.4496	0.0	68.0641	0.0	0.0	0.0	0.0	0.0	65.9045	96.8718	86.8628	94.5696	96.8082	99.883
sub-0199	28.6423	44.1381	83.1083	56.2397	80.0659	72.1935	79.454	94.2628	44.8253	24.3354	80.4891	57.9126	56.0336	48.2824	65.5873	87.2797	53.6429	53.7183	44.059	30.383	83.7716	55.9606	81.5194	74.035	77.8842	93.2122	56.7259	54.44	67.7693	87.5948	55.05	60.0833	62.5	69.7333	0.0	0.0	0.0	0.0	0.0	67.2066	101.8476	97.7672	92.5809	99.4417	101.9442
sub-0200	22.1618	39.3858	83.2272	53.0962	82.8461	69.9388	77.6881	92.7134	32.6697	16.5561	82.6333	59.1925	57.0874	31.2873	65.4076	87.1642	57.75	49.5989	21.5247	31.7762	83.2751	51.2581	80.7123	69.3171	77.0216	93.2756	55.81	57.8485	66.7432	86.2082	57.0	46.3816	0.0	67.8648	0.0	0.0	0.0	0.0	0.0	69.6281	102.5644	92.1321	90.3909	94.173	102.1877
sub-0201	20.2729	40.5811	84.2766	53.2489	80.7372	68.9494	75.9374	92.8429	34.6243	20.6388	82.2417	59.6929	58.2466	33.9967	64.5629	87.5579	58.1667	46.2057	25.2565	36.3849	84.2924	51.3408	79.8525	67.3668	74.586	91.9934	59.7563	56.0851	66.0661	87.3706	56.8	50.0266	0.0	70.308	0.0	0.0	0.0	0.0	0.0	68.1308	101.6052	92.0465	98.9383	96.4536	106.5423
sub-0202	26.7381	39.8168	84.439	58.8018	83.3348	70.936	78.116	92.5446	29.5782	19.7131	83.3477	59.0038	56.7121	37.7241	65.7537	88.2963	51.6667	51.4487	19.0222	29.5014	84.9809	56.8819	81.737	69.9728	77.4184	92.9825	57.253	58.0814	66.9398	86.9846	51.45	46.8865	0.0	64.9014	0.0	0.0	0.0	0.0	0.0	63.6929	98.8733	89.2532	95.5491	96.2964	103.5697
sub-0203	25.0332	39.2957	83.4518	53.7758	82.8015	68.0279	75.503	94.5587	27.3542	17.7807	82.1235	58.1228	57.1834	34.4593	63.9578	88.303	56.2143	46.6232	18.2393	33.508	83.6212	53.5026	79.4223	66.731	73.2997	91.6943	56.6748	56.3474	64.5279	86.6532	49.0857	43.0247	0.0	62.876	0.0	0.0	0.0	0.0	0.0	66.0714	99.3167	86.7057	87.6274	93.8038	101.7333
sub-0204	31.8155	27.4604	81.9945	55.7113	84.2968	73.3991	79.6625	96.1321	29.0633	18.9235	82.3723	56.7416	57.8654	39.0866	65.8054	87.6325	60.6667	53.9034	33.3775	29.7853	82.7114	54.3435	82.0702	71.818	77.8343	93.5613	55.8513	57.15	65.8883	87.4391	56.75	53.7305	0.0	68.6317	0.0	0.0	0.0	0.0	0.0	63.7556	104.1806	94.3051	92.3084	95.7192	106.6403
sub-0205	36.8791	32.3235	85.1944	56.8166	82.8102	73.3183	77.5038	92.9614	44.4902	25.626	80.8502	58.6394	56.4467	47.0962	65.7176	86.0589	48.275	53.5184	39.3023	34.8711	85.3787	55.1337	80.9193	73.3075	77.0539	93.4141	58.8799	58.0273	69.3009	84.7483	50.7826	54.1592	50.5	67.8293	0.0	0.0	0.0	0.0	0.0	65.7975	98.1931	89.1455	86.2327	93.8237	99.4513
sub-0206	28.0742	40.3226	83.8262	57.9424	84.1861	71.8244	80.4918	96.8113	38.346	23.2292	81.7788	61.6313	58.4518	40.5669	66.7226	89.3916	55.1111	51.4038	28.1086	33.9501	81.942	55.2523	83.7234	70.613	78.4522	96.0217	59.8725	54.287	67.4884	89.0385	61.4286	51.7043	0.0	68.4813	0.0	0.0	0.0	0.0	0.0	70.0252	101.8011	89.7201	90.7017	93.6655	104.5579
sub-0207	22.2842	43.2542	84.2586	55.5978	83.2733	69.6336	78.2614	95.7327	31.6246	20.2527	82.149	60.9419	58.5344	39.5397	64.7353	89.6103	59.5833	48.6891	19.3853	37.7748	84.2915	53.222	81.7357	68.1516	76.7742	94.6981	58.3311	57.0187	64.8897	88.0042	56.1053	47.2942	0.0	66.8838	0.0	0.0	0.0	0.0	0.0	65.1893	98.6652	85.1938	89.8755	92.436	102.2403
sub-0208	29.7745	42.3846	83.9485	57.5143	86.9742	73.7269	79.2915	98.4629	42.4142	21.1597	82.486	62.4579	58.3163	38.1396	67.9392	88.6511	60.4444	55.1923	32.2668	34.7489	82.4301	54.2975	84.879	75.2988	79.3277	97.3186	59.4325	56.749	69.2798	89.5261	61.5882	53.7536	0.0	68.823	0.0	0.0	0.0	0.0	0.0	68.3302	102.5429	93.7783	92.6822	98.0345	111.4389
sub-0209	20.8633	41.1466	82.7229	57.5978	83.0168	71.7248	78.3684	94.9365	33.0972	22.2588	81.8616	62.2251	60.8621	41.7867	65.5385	88.195	57.36	45.7291	17.3151	34.0717	82.6384	55.3258	82.4963	72.2197	77.723	94.9789	60.3796	59.1435	69.2463	88.0433	57.75	44.3949	0.0	66.6823	0.0	0.0	0.0	0.0	0.0	69.8683	99.9734	85.5772	93.6953	96.305	99.5896
sub-0210	29.644	35.8942	81.942	53.3314	84.7479	70.766	78.4998	96.9549	25.7804	20.1493	81.2591	59.0186	55.1949	35.2099	68.5465	88.3746	59.1667	52.1662	22.5988	35.9544	82.4919	51.8251	83.0276	70.4109	78.0465	97.13	57.0582	54.6069	67.8709	88.2768	57.5	45.0111	0.0	69.1175	0.0	0.0	0.0	0.0	0.0	64.664	103.5151	89.5128	94.6518	93.6469	106.5336
sub-0211	20.0435	35.2833	83.9189	56.9538	81.9431	70.2228	77.8591	92.5415	30.6219	18.4623	82.3715	59.7169	59.2264	38.6611	66.0973	87.9095	57.6364	43.594	21.6033	26.7198	84.1598	54.9216	80.9182	68.6789	76.6841	91.3172	60.5018	58.5554	68.0928	87.4804	53.8636	49.044	0.0	63.6049	0.0	0.0	0.0	0.0	0.0	66.8	101.3366	88.789	93.5763	96.1608	99.0283
sub-0212	20.9734	41.2011	82.2549	56.2658	84.6064	70.1827	79.3319	94.9093	39.9951	22.7712	79.8465	62.1359	60.8984	40.0854	64.9288	86.8266	57.1905	46.9409	21.1895	27.921	83.6497	55.7688	82.9451	67.3962	77.7128	94.2228	60.6685	59.1611	65.7463	86.4883	60.8333	46.0271	0.0	67.3193	0.0	0.0	0.0	0.0	0.0	68.8232	99.5436	84.9237	96.4293	96.7182	99.3978
sub-0213	21.213	48.4771	82.4251	54.9727	85.4804	71.8726	79.1654	96.8551	31.2302	22.0555	80.4126	61.4559	58.428	38.5695	66.2682	87.3528	59.7333	48.4965	23.3378	42.6118	82.0561	54.0427	83.5596	70.2794	76.903	95.0694	60.1519	56.6785	66.2776	87.002	57.3	48.4241	0.0	67.291	0.0	0.0	0.0	0.0	0.0	69.5903	98.8044	91.9745	94.3274	96.1068	98.7572
sub-0214	28.0535	44.8255	83.7912	59.3759	89.2852	72.5582	81.2167	97.4754	41.6763	26.0746	83.2295	64.8211	62.1206	44.2245	69.8493	89.7356	47.6795	53.1006	19.4944	27.6388	83.4921	57.5904	85.2464	70.7341	79.9177	95.7699	61.6539	60.2598	69.0649	89.5493	52.4643	45.4088	0.0	67.8953	0.0	0.0	0.0	0.0	0.0	69.3095	92.9082	85.6212	92.4612	93.668	101.7222
sub-0215	26.5402	45.224	83.2501	53.2617	80.9344	67.2969	75.1239	92.1423	29.6977	17.2639	79.1529	58.6886	55.1632	35.9249	63.2434	83.8439	51.4792	49.3889	20.5185	33.928	82.8423	51.2381	79.5504	66.1499	74.1771	91.8806	57.0545	53.9446	64.4335	84.8001	49.8333	51.3674	0.0	64.9892	0.0	0.0	58.0	0.0	0.0	63.133	100.1084	92.7109	95.7729	93.8947	107.6132
sub-0216	20.3618	40.8927	83.5315	56.3311	84.3625	71.2937	78.3497	96.0253	28.1034	25.0716	81.9132	62.375	59.1955	36.3771	64.788	88.8167	56.25	46.7039	21.0796	41.5467	82.9768	54.7505	82.0609	69.7137	76.7812	93.8425	59.8342	59.0006	67.1689	87.5145	56.1333	46.7698	0.0	64.1104	0.0	0.0	0.0	0.0	0.0	64.0685	100.4688	91.1337	92.26	93.7149	100.2936
sub-0217	25.3588	47.0408	82.936	56.4178	85.6371	71.7938	77.3538	95.5888	38.8481	28.0551	81.6444	60.9975	58.9199	43.9101	66.6258	86.7272	55.2308	48.5421	26.5336	37.1984	82.5696	54.5188	85.1553	70.3365	76.428	93.9796	60.1238	58.2782	67.1009	88.2078	55.1667	48.6585	0.0	67.1475	0.0	0.0	0.0	0.0	0.0	72.5257	101.0338	85.5581	94.5503	94.2828	102.4319
sub-0218	28.2652	37.6036	84.2986	56.5986	84.3876	71.0356	78.0644	94.1289	35.0945	20.8281	82.6938	58.6607	57.5392	37.0026	66.4616	88.1163	50.3333	51.281	28.5514	28.5973	83.5755	54.9789	82.59	70.1352	76.8064	93.6075	57.0293	56.1509	65.8813	87.0096	54.2143	53.6616	0.0	66.5243	0.0	0.0	0.0	0.0	0.0	66.4721	102.866	92.8969	92.1403	90.5369	101.8389
sub-0219	23.3955	48.3945	82.3208	53.5473	83.1136	71.8766	78.7085	95.798	34.8616	21.7665	81.9476	59.9205	58.0101	37.4588	66.9103	88.6079	53.36	51.2994	22.7389	39.0577	81.4973	50.7408	82.6747	73.2909	77.272	94.0864	57.0566	57.5736	68.332	87.7968	49.1017	50.5588	0.0	68.0464	0.0	0.0	0.0	0.0	0.0	65.2857	102.1727	89.5603	95.4371	95.6268	107.0677
sub-0220	17.6876	42.0402	84.506	53.4884	83.1942	68.2356	74.319	95.0776	29.7042	18.8273	83.3917	59.454	56.1225	36.8134	62.9988	89.3997	50.5	44.324	18.4211	44.9912	84.83	52.4276	82.14	66.3419	73.8528	93.6953	56.8302	55.0783	63.9558	88.7202	51.4375	43.8323	0.0	65.9731	0.0	0.0	0.0	0.0	0.0	66.6457	101.1683	87.9834	94.4397	98.1463	104.2473
sub-0221	33.601	38.4286	82.2476	53.5205	83.9068	73.4962	78.9088	96.64	45.4578	22.364	80.7823	58.8283	59.8614	48.358	65.8724	86.4905	59.3621	53.8177	40.9541	32.2183	82.3381	51.9508	82.2079	73.0853	77.0967	94.7484	58.5004	57.5153	65.8394	86.7585	50.0789	57.3234	0.0	70.3902	0.0	0.0	0.0	0.0	0.0	68.7481	101.5667	96.5909	94.2597	94.7675	105.8626
sub-0222	27.1272	47.6625	82.5363	55.9475	84.39	71.6323	78.6049	95.8112	38.6468	23.665	80.5948	60.1261	57.3984	40.9776	66.9711	87.3256	54.95	47.8281	26.5357	49.36	83.3065	55.3488	82.0147	69.27	77.6045	95.1627	59.2827	56.893	66.9164	87.0716	48.9444	52.414	0.0	67.4695	0.0	0.0	0.0	0.0	0.0	66.2069	97.9124	88.2175	92.4948	93.1771	101.6808
sub-0223	19.8563	42.6444	84.8639	56.3426	81.3934	69.9601	78.3171	94.5168	30.1411	21.2359	81.8709	58.3938	57.9927	36.045	65.621	88.2318	55.5806	46.2581	21.1766	29.9544	83.2334	53.5582	80.6804	68.865	77.396	93.6168	56.1764	55.1255	66.5082	86.6443	62.5	46.3374	0.0	67.5653	0.0	0.0	0.0	0.0	0.0	64.8739	101.038	90.1624	94.0051	92.7745	104.2617
sub-0224	25.402	40.516	83.2397	57.0249	84.4115	70.4342	78.8162	95.71	34.0852	21.6353	81.7214	61.8869	60.4566	39.5042	64.7411	89.5857	59.65	49.1878	24.9975	33.3317	83.3302	55.1164	82.3296	68.3576	76.8975	94.2288	59.3586	58.7397	65.5244	87.585	57.8889	49.0189	0.0	67.7424	0.0	0.0	0.0	0.0	0.0	66.8345	101.1834	92.3628	89.3016	93.3549	103.056
sub-0225	17.5961	37.2273	82.7454	56.9947	84.823	72.479	80.9635	97.2449	26.1627	20.1013	80.8364	59.7251	59.6201	33.7772	67.9519	88.9375	52.5111	45.8645	19.1925	42.5574	83.6352	55.346	85.2913	72.586	80.0603	97.4067	60.2238	58.7612	69.7989	89.872	53.6452	45.4225	0.0	69.5554	0.0	0.0	0.0	0.0	0.0	65.8396	108.6008	94.8258	95.5948	98.7273	105.8979
sub-0226	26.7361	43.4013	82.2181	54.0322	82.9744	68.0383	76.313	95.1859	34.9546	21.4642	81.2607	59.0384	56.7141	42.6076	64.8516	86.3084	50.0	50.3116	26.0888	42.5177	82.1484	52.4776	80.1292	67.858	75.6343	95.0587	57.702	56.1264	64.4324	86.5008	49.5333	49.1785	0.0	66.5172	0.0	0.0	0.0	0.0	0.0	61.8797	95.9152	88.4607	93.2893	95.2427	99.9688
