rh.aparc.meancurv	rh_bankssts_meancurv	rh_caudalanteriorcingulate_meancurv	rh_caudalmiddlefrontal_meancurv	rh_cuneus_meancurv	rh_entorhinal_meancurv	rh_fusiform_meancurv	rh_inferiorparietal_meancurv	rh_inferiortemporal_meancurv	rh_isthmuscingulate_meancurv	rh_lateraloccipital_meancurv	rh_lateralorbitofrontal_meancurv	rh_lingual_meancurv	rh_medialorbitofrontal_meancurv	rh_middletemporal_meancurv	rh_parahippocampal_meancurv	rh_paracentral_meancurv	rh_parsopercularis_meancurv	rh_parsorbitalis_meancurv	rh_parstriangularis_meancurv	rh_pericalcarine_meancurv	rh_postcentral_meancurv	rh_posteriorcingulate_meancurv	rh_precentral_meancurv	rh_precuneus_meancurv	rh_rostralanteriorcingulate_meancurv	rh_rostralmiddlefrontal_meancurv	rh_superiorfrontal_meancurv	rh_superiorparietal_meancurv	rh_superiortemporal_meancurv	rh_supramarginal_meancurv	rh_frontalpole_meancurv	rh_temporalpole_meancurv	rh_transversetemporal_meancurv	rh_insula_meancurv	BrainSegVolNotVent	eTIV
sub-0001	0.101	0.122	0.116	0.147	0.118	0.131	0.132	0.123	0.133	0.133	0.131	0.145	0.126	0.125	0.091	0.103	0.117	0.157	0.126	0.116	0.106	0.141	0.108	0.121	0.125	0.139	0.124	0.11	0.114	0.124	0.18	0.13	0.127	0.116	1235952.0	1560838.764254
sub-0002	0.115	0.154	0.117	0.137	0.15	0.135	0.127	0.123	0.141	0.144	0.144	0.139	0.126	0.137	0.094	0.123	0.132	0.159	0.141	0.131	0.116	0.145	0.124	0.126	0.117	0.149	0.13	0.13	0.12	0.133	0.212	0.159	0.134	0.112	1056970.0	1115228.151399
sub-0003	0.103	0.147	0.112	0.141	0.136	0.15	0.142	0.138	0.133	0.142	0.135	0.144	0.113	0.139	0.105	0.102	0.103	0.15	0.13	0.113	0.111	0.146	0.107	0.117	0.136	0.144	0.129	0.119	0.112	0.128	0.182	0.148	0.112	0.114	945765.0	1186697.257955
sub-0004	0.111	0.15	0.116	0.15	0.167	0.136	0.136	0.131	0.139	0.145	0.147	0.146	0.131	0.135	0.11	0.113	0.127	0.136	0.13	0.132	0.118	0.16	0.113	0.128	0.102	0.145	0.129	0.127	0.111	0.137	0.221	0.165	0.135	0.107	973916.0	952776.991909
sub-0005	0.103	0.141	0.114	0.152	0.114	0.127	0.13	0.139	0.121	0.149	0.135	0.156	0.118	0.129	0.087	0.098	0.118	0.143	0.123	0.132	0.111	0.144	0.107	0.12	0.122	0.149	0.123	0.114	0.1	0.132	0.185	0.154	0.119	0.103	1089881.0	1497742.976131
sub-0006	0.092	0.127	0.112	0.132	0.119	0.128	0.122	0.123	0.13	0.13	0.131	0.136	0.129	0.121	0.098	0.097	0.113	0.144	0.119	0.133	0.099	0.136	0.101	0.118	0.131	0.138	0.121	0.114	0.093	0.119	0.175	0.122	0.119	0.116	1281422.0	1441004.6407
sub-0007	0.164	0.143	0.121	0.149	0.15	0.143	0.132	0.135	0.133	0.15	0.137	0.153	0.112	0.141	0.109	0.117	0.121	0.161	0.13	0.144	0.115	0.15	0.106	0.131	0.139	0.136	0.125	0.129	0.134	0.134	0.215	0.163	0.143	0.099	916439.0	927712.749474
sub-0008	0.1	0.151	0.112	0.141	0.12	0.133	0.129	0.133	0.136	0.138	0.141	0.139	0.121	0.132	0.103	0.099	0.123	0.139	0.134	0.11	0.102	0.152	0.102	0.129	0.127	0.145	0.125	0.118	0.109	0.126	0.18	0.146	0.12	0.107	1254394.0	1604284.294118
sub-0009	0.105	0.14	0.113	0.145	0.102	0.13	0.134	0.134	0.144	0.143	0.129	0.137	0.123	0.132	0.089	0.112	0.115	0.154	0.128	0.124	0.11	0.141	0.112	0.127	0.134	0.148	0.124	0.126	0.116	0.13	0.162	0.157	0.128	0.112	919357.0	924942.844516
sub-0010	0.113	0.16	0.115	0.158	0.157	0.134	0.128	0.129	0.126	0.14	0.132	0.14	0.13	0.128	0.095	0.116	0.117	0.152	0.129	0.124	0.104	0.15	0.106	0.121	0.136	0.138	0.133	0.122	0.108	0.125	0.202	0.156	0.142	0.112	1115137.0	1332963.907826
sub-0011	0.102	0.14	0.128	0.145	0.124	0.145	0.14	0.143	0.123	0.141	0.15	0.147	0.148	0.137	0.082	0.118	0.132	0.173	0.135	0.153	0.111	0.142	0.114	0.136	0.124	0.16	0.13	0.128	0.11	0.127	0.237	0.165	0.103	0.109	916414.0	1050308.739903
sub-0012	0.091	0.142	0.11	0.161	0.148	0.127	0.124	0.129	0.137	0.142	0.142	0.142	0.125	0.144	0.116	0.111	0.117	0.128	0.11	0.136	0.105	0.136	0.103	0.126	0.153	0.147	0.125	0.12	0.121	0.123	0.198	0.176	0.094	0.12	1093680.0	1174483.265912
sub-0013	0.112	0.142	0.121	0.145	0.129	0.128	0.121	0.128	0.124	0.137	0.137	0.144	0.125	0.129	0.107	0.114	0.114	0.147	0.134	0.119	0.106	0.136	0.105	0.117	0.139	0.138	0.125	0.125	0.111	0.122	0.204	0.143	0.127	0.111	1245924.0	1575330.67754
sub-0014	0.12	0.136	0.118	0.151	0.118	0.137	0.135	0.131	0.133	0.135	0.13	0.145	0.137	0.13	0.118	0.112	0.117	0.157	0.123	0.138	0.109	0.146	0.103	0.129	0.093	0.135	0.126	0.135	0.118	0.129	0.213	0.164	0.131	0.108	1087763.0	1206059.232953
sub-0015	0.098	0.121	0.116	0.151	0.125	0.126	0.125	0.128	0.134	0.135	0.13	0.141	0.127	0.121	0.122	0.108	0.118	0.147	0.126	0.12	0.105	0.138	0.102	0.118	0.15	0.145	0.127	0.121	0.103	0.124	0.192	0.112	0.123	0.113	1157625.0	1400508.836146
sub-0016	0.083	0.136	0.117	0.172	0.145	0.128	0.128	0.132	0.142	0.146	0.133	0.156	0.128	0.133	0.083	0.107	0.126	0.155	0.129	0.138	0.11	0.143	0.103	0.123	0.135	0.138	0.122	0.126	0.104	0.121	0.206	0.147	0.122	0.111	1078694.0	1226969.408346
sub-0017	0.084	0.144	0.121	0.139	0.115	0.131	0.121	0.124	0.117	0.145	0.139	0.148	0.119	0.14	0.082	0.091	0.113	0.13	0.143	0.134	0.113	0.146	0.097	0.129	0.138	0.148	0.127	0.118	0.108	0.128	0.183	0.156	0.126	0.109	975124.0	1223580.126877
sub-0018	0.121	0.139	0.126	0.153	0.124	0.131	0.127	0.128	0.131	0.142	0.135	0.14	0.128	0.131	0.108	0.105	0.117	0.15	0.128	0.129	0.12	0.15	0.106	0.122	0.147	0.134	0.125	0.127	0.119	0.12	0.166	0.144	0.125	0.113	1205241.0	1420234.794428
sub-0019	0.091	0.127	0.115	0.154	0.157	0.139	0.134	0.128	0.128	0.146	0.133	0.142	0.132	0.124	0.093	0.105	0.128	0.152	0.136	0.128	0.103	0.128	0.1	0.128	0.116	0.145	0.123	0.125	0.103	0.119	0.185	0.149	0.106	0.11	971395.0	962037.916402
sub-0020	0.117	0.146	0.119	0.158	0.123	0.138	0.125	0.126	0.142	0.149	0.134	0.145	0.13	0.133	0.114	0.1	0.121	0.149	0.122	0.152	0.112	0.129	0.106	0.131	0.129	0.133	0.118	0.129	0.115	0.132	0.189	0.145	0.118	0.115	1141418.0	1241908.211028
sub-0021	0.108	0.159	0.111	0.156	0.138	0.125	0.14	0.119	0.125	0.145	0.13	0.15	0.128	0.134	0.102	0.121	0.119	0.151	0.125	0.14	0.109	0.146	0.109	0.125	0.144	0.143	0.131	0.122	0.105	0.134	0.171	0.151	0.135	0.105	1211298.0	1268981.067234
sub-0022	0.092	0.136	0.123	0.147	0.127	0.123	0.131	0.128	0.129	0.134	0.124	0.145	0.135	0.137	0.113	0.112	0.114	0.149	0.131	0.134	0.102	0.145	0.11	0.123	0.109	0.147	0.121	0.128	0.111	0.126	0.17	0.135	0.112	0.106	1116051.0	1189521.862383
sub-0023	0.087	0.115	0.108	0.139	0.114	0.119	0.12	0.123	0.115	0.131	0.132	0.133	0.116	0.112	0.087	0.092	0.105	0.123	0.131	0.137	0.1	0.134	0.096	0.12	0.14	0.127	0.112	0.119	0.106	0.119	0.15	0.114	0.123	0.119	1424017.0	1678356.032306
sub-0024	0.108	0.129	0.108	0.153	0.095	0.13	0.132	0.129	0.126	0.143	0.135	0.148	0.13	0.134	0.096	0.106	0.109	0.147	0.112	0.129	0.099	0.155	0.103	0.126	0.128	0.137	0.124	0.118	0.108	0.126	0.184	0.147	0.131	0.115	1166575.0	1298269.115385
sub-0025	0.108	0.128	0.11	0.135	0.14	0.13	0.125	0.12	0.124	0.15	0.134	0.141	0.142	0.131	0.097	0.115	0.128	0.142	0.128	0.155	0.107	0.147	0.107	0.126	0.129	0.139	0.123	0.121	0.117	0.122	0.186	0.138	0.136	0.121	1210527.0	1394087.467248
sub-0026	0.104	0.143	0.122	0.157	0.156	0.144	0.141	0.142	0.139	0.149	0.134	0.164	0.132	0.141	0.105	0.112	0.116	0.155	0.137	0.137	0.115	0.15	0.109	0.133	0.133	0.146	0.131	0.133	0.123	0.133	0.203	0.131	0.125	0.113	967664.0	1027587.946123
sub-0027	0.085	0.135	0.115	0.136	0.146	0.125	0.117	0.123	0.131	0.132	0.122	0.137	0.124	0.12	0.084	0.1	0.109	0.17	0.135	0.122	0.107	0.145	0.093	0.12	0.136	0.137	0.118	0.11	0.12	0.117	0.202	0.129	0.108	0.113	1108001.0	1476204.172769
sub-0028	0.114	0.134	0.103	0.138	0.114	0.13	0.126	0.113	0.122	0.138	0.121	0.134	0.114	0.123	0.107	0.098	0.12	0.145	0.124	0.117	0.096	0.14	0.097	0.115	0.135	0.133	0.116	0.115	0.113	0.118	0.168	0.152	0.101	0.118	1186626.0	1366729.649065
sub-0029	0.13	0.139	0.105	0.148	0.094	0.119	0.128	0.137	0.134	0.141	0.132	0.136	0.123	0.13	0.079	0.107	0.114	0.148	0.118	0.128	0.115	0.145	0.099	0.123	0.133	0.14	0.128	0.127	0.108	0.116	0.182	0.133	0.136	0.111	1300269.0	1581114.586967
sub-0030	0.102	0.121	0.112	0.142	0.135	0.123	0.126	0.125	0.123	0.14	0.135	0.132	0.125	0.115	0.095	0.095	0.114	0.141	0.129	0.129	0.105	0.124	0.092	0.127	0.126	0.135	0.117	0.12	0.106	0.124	0.181	0.141	0.095	0.11	1236943.0	1492150.190437
sub-0031	0.111	0.128	0.095	0.158	0.124	0.117	0.118	0.129	0.131	0.142	0.129	0.143	0.132	0.129	0.103	0.102	0.132	0.156	0.135	0.121	0.118	0.131	0.107	0.135	0.133	0.147	0.121	0.116	0.095	0.117	0.24	0.165	0.112	0.11	1306451.0	1450269.997242
sub-0032	0.095	0.132	0.109	0.135	0.114	0.129	0.128	0.123	0.132	0.146	0.137	0.153	0.128	0.129	0.086	0.109	0.111	0.155	0.135	0.139	0.107	0.125	0.099	0.121	0.128	0.144	0.124	0.118	0.107	0.119	0.183	0.144	0.12	0.106	1096925.0	1246161.583717
sub-0033	0.104	0.133	0.117	0.157	0.116	0.126	0.119	0.13	0.13	0.138	0.136	0.133	0.124	0.126	0.079	0.124	0.12	0.155	0.138	0.127	0.119	0.15	0.108	0.125	0.114	0.137	0.118	0.126	0.096	0.131	0.224	0.165	0.117	0.105	1114250.0	1282027.556818
sub-0034	0.114	0.131	0.117	0.163	0.138	0.133	0.125	0.127	0.125	0.134	0.132	0.144	0.119	0.14	0.099	0.107	0.117	0.13	0.131	0.136	0.104	0.143	0.103	0.118	0.142	0.134	0.121	0.117	0.109	0.122	0.168	0.144	0.118	0.112	1190883.0	1281517.339249
sub-0035	0.118	0.137	0.106	0.154	0.13	0.127	0.13	0.126	0.122	0.144	0.123	0.138	0.113	0.118	0.098	0.106	0.113	0.151	0.119	0.127	0.101	0.136	0.099	0.122	0.119	0.134	0.115	0.124	0.113	0.123	0.173	0.142	0.113	0.113	1093359.0	1487893.384555
sub-0036	0.101	0.175	0.122	0.154	0.113	0.128	0.129	0.114	0.131	0.151	0.148	0.14	0.131	0.125	0.087	0.097	0.124	0.154	0.127	0.124	0.11	0.15	0.112	0.127	0.14	0.15	0.133	0.122	0.114	0.127	0.212	0.139	0.109	0.107	1042832.0	1170094.984101
sub-0037	0.085	0.139	0.112	0.138	0.149	0.128	0.125	0.137	0.117	0.135	0.139	0.141	0.127	0.125	0.096	0.105	0.102	0.139	0.118	0.111	0.119	0.129	0.1	0.124	0.122	0.147	0.12	0.116	0.108	0.124	0.205	0.163	0.133	0.114	1077984.0	1313579.750429
sub-0038	0.126	0.128	0.113	0.164	0.144	0.13	0.127	0.138	0.132	0.15	0.137	0.145	0.123	0.131	0.101	0.102	0.126	0.145	0.121	0.12	0.118	0.155	0.104	0.122	0.137	0.134	0.114	0.123	0.113	0.119	0.194	0.164	0.127	0.115	1065041.0	1155574.165384
sub-0039	0.107	0.139	0.108	0.149	0.142	0.131	0.126	0.135	0.131	0.139	0.136	0.134	0.137	0.135	0.086	0.099	0.127	0.167	0.135	0.115	0.099	0.137	0.1	0.126	0.132	0.141	0.125	0.119	0.103	0.126	0.222	0.146	0.091	0.132	1042272.0	1216281.240076
sub-0040	0.081	0.129	0.111	0.125	0.131	0.13	0.122	0.12	0.122	0.13	0.119	0.147	0.138	0.127	0.096	0.095	0.108	0.138	0.116	0.112	0.095	0.133	0.092	0.115	0.13	0.133	0.117	0.113	0.098	0.123	0.18	0.158	0.103	0.113	1159406.0	1299590.7541
sub-0041	0.111	0.129	0.114	0.15	0.133	0.128	0.123	0.125	0.133	0.136	0.137	0.136	0.127	0.124	0.126	0.109	0.108	0.122	0.123	0.127	0.114	0.139	0.103	0.121	0.1	0.136	0.119	0.12	0.114	0.128	0.208	0.134	0.125	0.108	1403826.0	1809842.58152
sub-0042	0.108	0.135	0.124	0.166	0.164	0.13	0.13	0.143	0.133	0.147	0.136	0.145	0.13	0.131	0.102	0.117	0.122	0.156	0.148	0.124	0.114	0.161	0.105	0.132	0.139	0.137	0.128	0.129	0.109	0.131	0.194	0.166	0.136	0.117	1153841.0	1233708.303119
sub-0043	0.099	0.144	0.11	0.132	0.112	0.138	0.127	0.139	0.128	0.136	0.129	0.141	0.118	0.12	0.08	0.11	0.128	0.143	0.134	0.13	0.098	0.14	0.095	0.127	0.14	0.142	0.121	0.119	0.105	0.116	0.159	0.151	0.094	0.115	1148252.0	1488278.352641
sub-0044	0.122	0.114	0.113	0.165	0.145	0.13	0.128	0.121	0.152	0.147	0.13	0.161	0.124	0.123	0.102	0.103	0.117	0.161	0.125	0.137	0.119	0.129	0.112	0.126	0.126	0.139	0.128	0.128	0.11	0.128	0.202	0.154	0.115	0.114	1098496.0	1358076.168294
sub-0045	0.092	0.141	0.119	0.142	0.096	0.128	0.135	0.141	0.145	0.151	0.136	0.153	0.122	0.143	0.085	0.117	0.126	0.167	0.132	0.134	0.106	0.149	0.107	0.127	0.142	0.149	0.127	0.129	0.122	0.135	0.173	0.161	0.13	0.112	1117416.0	1210231.412956
sub-0046	0.086	0.114	0.111	0.132	0.122	0.118	0.125	0.113	0.129	0.133	0.135	0.135	0.132	0.128	0.09	0.103	0.11	0.158	0.125	0.122	0.106	0.134	0.1	0.118	0.098	0.132	0.119	0.112	0.096	0.119	0.194	0.141	0.086	0.106	1305197.0	1606098.295409
sub-0047	0.103	0.113	0.11	0.122	0.125	0.133	0.122	0.128	0.121	0.132	0.138	0.133	0.113	0.118	0.114	0.103	0.125	0.139	0.137	0.133	0.106	0.129	0.103	0.115	0.12	0.14	0.126	0.128	0.099	0.121	0.197	0.158	0.102	0.11	1315037.0	1620396.617557
sub-0048	0.106	0.149	0.108	0.131	0.134	0.127	0.124	0.127	0.117	0.132	0.133	0.131	0.128	0.135	0.097	0.103	0.131	0.154	0.146	0.115	0.104	0.134	0.1	0.12	0.157	0.141	0.124	0.123	0.104	0.117	0.21	0.138	0.091	0.112	1136284.0	1301696.092796
sub-0049	0.092	0.125	0.104	0.146	0.144	0.131	0.123	0.138	0.13	0.142	0.127	0.141	0.126	0.12	0.084	0.105	0.121	0.147	0.131	0.129	0.109	0.138	0.102	0.118	0.112	0.134	0.124	0.118	0.101	0.128	0.172	0.14	0.121	0.11	1070706.0	1184629.23971
sub-0050	0.102	0.12	0.116	0.151	0.126	0.119	0.133	0.136	0.136	0.139	0.13	0.135	0.126	0.132	0.091	0.1	0.123	0.138	0.126	0.14	0.103	0.148	0.098	0.127	0.116	0.14	0.124	0.123	0.102	0.122	0.176	0.138	0.118	0.109	1341559.0	1621316.504598
sub-0051	0.096	0.136	0.113	0.139	0.138	0.133	0.12	0.124	0.136	0.134	0.133	0.144	0.117	0.138	0.105	0.1	0.119	0.143	0.139	0.131	0.106	0.145	0.101	0.131	0.15	0.14	0.123	0.12	0.113	0.123	0.161	0.126	0.121	0.102	1295666.0	1498996.190611
sub-0052	0.09	0.115	0.118	0.15	0.119	0.128	0.12	0.134	0.127	0.145	0.134	0.138	0.125	0.122	0.094	0.098	0.121	0.159	0.127	0.121	0.099	0.142	0.101	0.114	0.112	0.145	0.113	0.123	0.107	0.122	0.189	0.148	0.109	0.115	1168873.0	1372640.288417
sub-0053	0.102	0.128	0.111	0.155	0.112	0.133	0.125	0.119	0.135	0.146	0.131	0.139	0.127	0.126	0.116	0.101	0.125	0.144	0.13	0.14	0.116	0.151	0.109	0.123	0.16	0.139	0.126	0.115	0.101	0.114	0.188	0.149	0.13	0.109	1164251.0	1262352.865019
sub-0054	0.103	0.134	0.105	0.135	0.109	0.13	0.123	0.121	0.144	0.134	0.136	0.133	0.132	0.125	0.097	0.102	0.105	0.141	0.113	0.124	0.11	0.133	0.098	0.128	0.151	0.131	0.125	0.123	0.106	0.12	0.198	0.143	0.13	0.115	1220922.0	1354248.342829
sub-0055	0.092	0.126	0.109	0.153	0.136	0.129	0.118	0.119	0.137	0.143	0.131	0.134	0.123	0.132	0.098	0.12	0.107	0.145	0.126	0.123	0.106	0.141	0.1	0.121	0.124	0.135	0.125	0.126	0.101	0.12	0.179	0.16	0.116	0.113	1102577.0	1220870.241676
sub-0056	0.115	0.139	0.119	0.149	0.116	0.129	0.122	0.129	0.131	0.138	0.128	0.14	0.123	0.124	0.082	0.114	0.11	0.137	0.126	0.125	0.123	0.126	0.112	0.13	0.139	0.144	0.124	0.12	0.106	0.129	0.155	0.16	0.134	0.11	1152178.0	1323288.326223
sub-0057	0.11	0.134	0.115	0.15	0.141	0.135	0.131	0.123	0.127	0.148	0.137	0.142	0.124	0.13	0.11	0.102	0.123	0.15	0.134	0.154	0.105	0.141	0.104	0.134	0.125	0.138	0.12	0.12	0.111	0.122	0.171	0.156	0.126	0.111	1065511.0	1471361.003633
sub-0058	0.12	0.122	0.109	0.139	0.145	0.132	0.123	0.111	0.127	0.138	0.135	0.137	0.126	0.124	0.095	0.101	0.106	0.14	0.123	0.132	0.101	0.137	0.103	0.126	0.134	0.138	0.122	0.116	0.104	0.124	0.162	0.146	0.141	0.117	1146292.0	1272362.251359
sub-0059	0.106	0.13	0.1	0.159	0.123	0.139	0.123	0.117	0.128	0.134	0.12	0.138	0.112	0.132	0.105	0.085	0.109	0.152	0.121	0.128	0.101	0.136	0.098	0.108	0.121	0.134	0.118	0.115	0.105	0.126	0.176	0.143	0.114	0.116	1207003.0	1637677.191224
sub-0060	0.112	0.13	0.107	0.155	0.126	0.139	0.132	0.136	0.134	0.139	0.138	0.166	0.131	0.131	0.105	0.111	0.111	0.152	0.139	0.133	0.108	0.151	0.109	0.125	0.146	0.141	0.124	0.13	0.11	0.123	0.167	0.136	0.124	0.119	1059213.0	1152295.99882
sub-0061	0.127	0.124	0.111	0.158	0.121	0.138	0.131	0.152	0.141	0.143	0.133	0.141	0.126	0.135	0.084	0.112	0.118	0.152	0.114	0.126	0.117	0.122	0.108	0.117	0.138	0.146	0.132	0.132	0.115	0.138	0.164	0.159	0.138	0.115	959967.0	1029870.371546
sub-0062	0.068	0.141	0.114	0.145	0.115	0.134	0.126	0.121	0.121	0.143	0.128	0.138	0.118	0.131	0.109	0.094	0.109	0.145	0.127	0.137	0.117	0.137	0.099	0.127	0.135	0.131	0.119	0.127	0.101	0.119	0.166	0.139	0.123	0.11	1139987.0	1505539.037986
sub-0063	0.12	0.137	0.109	0.125	0.103	0.135	0.124	0.122	0.124	0.131	0.132	0.146	0.122	0.131	0.09	0.103	0.118	0.147	0.116	0.126	0.105	0.14	0.101	0.121	0.121	0.134	0.12	0.12	0.107	0.116	0.149	0.148	0.131	0.108	1288682.0	1778611.402802
sub-0064	0.1	0.142	0.116	0.146	0.105	0.124	0.132	0.12	0.129	0.133	0.129	0.138	0.133	0.113	0.076	0.098	0.122	0.138	0.11	0.122	0.102	0.13	0.099	0.129	0.142	0.138	0.12	0.121	0.094	0.132	0.173	0.145	0.1	0.101	1130362.0	1288546.246772
sub-0065	0.109	0.134	0.114	0.147	0.124	0.116	0.135	0.131	0.129	0.139	0.134	0.145	0.121	0.131	0.08	0.106	0.125	0.151	0.133	0.125	0.113	0.145	0.098	0.133	0.147	0.134	0.117	0.128	0.117	0.134	0.179	0.144	0.148	0.113	1171889.0	1323655.107233
sub-0066	0.089	0.124	0.113	0.152	0.114	0.129	0.121	0.12	0.126	0.136	0.144	0.143	0.136	0.121	0.1	0.115	0.128	0.151	0.121	0.135	0.114	0.15	0.106	0.124	0.136	0.145	0.121	0.118	0.103	0.125	0.157	0.137	0.118	0.108	1290488.0	1727795.132291
sub-0067	0.092	0.118	0.116	0.146	0.128	0.131	0.119	0.129	0.127	0.129	0.144	0.143	0.119	0.126	0.1	0.094	0.12	0.16	0.139	0.142	0.104	0.149	0.102	0.117	0.129	0.138	0.119	0.112	0.1	0.131	0.174	0.164	0.127	0.103	1162188.0	1386454.233187
sub-0068	0.096	0.148	0.11	0.155	0.152	0.127	0.128	0.127	0.122	0.139	0.125	0.144	0.127	0.124	0.091	0.106	0.106	0.146	0.114	0.134	0.102	0.139	0.102	0.122	0.143	0.138	0.124	0.125	0.1	0.12	0.174	0.133	0.124	0.116	1139525.0	1199092.022668
sub-0069	0.108	0.127	0.115	0.149	0.118	0.13	0.124	0.115	0.142	0.135	0.126	0.144	0.124	0.134	0.104	0.107	0.128	0.131	0.129	0.141	0.109	0.141	0.109	0.123	0.133	0.142	0.124	0.126	0.107	0.125	0.2	0.142	0.117	0.124	1245457.0	1367929.754538
sub-0070	0.124	0.14	0.121	0.173	0.107	0.131	0.127	0.13	0.132	0.144	0.141	0.153	0.116	0.13	0.09	0.123	0.124	0.136	0.132	0.133	0.117	0.141	0.108	0.129	0.133	0.146	0.13	0.126	0.118	0.123	0.205	0.109	0.143	0.111	1254884.0	1515870.740779
sub-0071	0.123	0.136	0.119	0.149	0.146	0.14	0.132	0.136	0.137	0.148	0.141	0.145	0.116	0.139	0.084	0.096	0.111	0.139	0.117	0.136	0.114	0.133	0.104	0.123	0.133	0.134	0.122	0.124	0.117	0.124	0.205	0.149	0.102	0.117	995751.0	996939.894887
sub-0072	0.093	0.134	0.123	0.143	0.114	0.136	0.122	0.128	0.131	0.138	0.126	0.14	0.118	0.122	0.1	0.111	0.112	0.135	0.13	0.129	0.102	0.14	0.101	0.119	0.133	0.142	0.122	0.117	0.111	0.112	0.156	0.142	0.111	0.109	1064176.0	1209159.270659
sub-0073	0.086	0.129	0.107	0.146	0.105	0.115	0.127	0.112	0.123	0.132	0.129	0.129	0.122	0.127	0.079	0.108	0.123	0.132	0.132	0.124	0.119	0.139	0.105	0.121	0.146	0.13	0.121	0.123	0.097	0.125	0.153	0.149	0.125	0.116	1066774.0	1181125.577119
sub-0074	0.109	0.128	0.112	0.145	0.114	0.127	0.122	0.118	0.133	0.14	0.131	0.141	0.125	0.121	0.106	0.109	0.12	0.133	0.121	0.121	0.115	0.141	0.103	0.129	0.154	0.132	0.118	0.127	0.106	0.122	0.168	0.14	0.085	0.107	1419259.0	1927938.576503
sub-0075	0.077	0.143	0.099	0.153	0.133	0.124	0.119	0.128	0.129	0.14	0.133	0.135	0.129	0.135	0.097	0.101	0.121	0.138	0.129	0.126	0.103	0.141	0.101	0.116	0.125	0.134	0.118	0.119	0.112	0.127	0.153	0.157	0.104	0.113	1114210.0	1218916.034824
sub-0076	0.106	0.14	0.129	0.165	0.109	0.151	0.128	0.137	0.134	0.144	0.141	0.149	0.129	0.121	0.1	0.108	0.116	0.141	0.127	0.145	0.11	0.151	0.107	0.13	0.135	0.144	0.129	0.125	0.092	0.128	0.18	0.149	0.122	0.11	1002432.0	1163608.460349
sub-0077	0.089	0.132	0.135	0.158	0.125	0.131	0.122	0.131	0.152	0.135	0.13	0.141	0.132	0.145	0.113	0.116	0.121	0.151	0.128	0.15	0.114	0.157	0.117	0.121	0.14	0.142	0.128	0.121	0.105	0.13	0.213	0.153	0.145	0.108	936290.0	1043849.929213
sub-0078	0.103	0.124	0.1	0.14	0.111	0.123	0.129	0.125	0.128	0.139	0.127	0.135	0.122	0.131	0.097	0.104	0.121	0.143	0.124	0.141	0.119	0.138	0.112	0.122	0.145	0.133	0.119	0.11	0.112	0.128	0.161	0.148	0.101	0.115	1280371.0	1371254.112672
sub-0079	0.114	0.141	0.111	0.141	0.119	0.128	0.133	0.126	0.115	0.143	0.132	0.149	0.121	0.132	0.101	0.118	0.112	0.15	0.128	0.119	0.102	0.136	0.107	0.127	0.122	0.145	0.127	0.113	0.11	0.125	0.189	0.181	0.137	0.114	1172908.0	1637643.055556
sub-0080	0.06	0.135	0.103	0.138	0.119	0.138	0.126	0.138	0.123	0.141	0.13	0.153	0.136	0.117	0.104	0.093	0.122	0.155	0.137	0.132	0.111	0.148	0.109	0.122	0.132	0.145	0.131	0.122	0.097	0.13	0.174	0.139	0.107	0.114	1069233.0	1021638.247173
sub-0081	0.11	0.135	0.111	0.15	0.104	0.126	0.122	0.134	0.127	0.144	0.134	0.132	0.114	0.119	0.083	0.114	0.117	0.141	0.121	0.113	0.11	0.136	0.099	0.123	0.131	0.13	0.121	0.119	0.109	0.121	0.188	0.146	0.118	0.109	1291807.0	1710182.396507
sub-0082	0.103	0.128	0.105	0.143	0.125	0.127	0.121	0.125	0.148	0.145	0.139	0.138	0.128	0.136	0.086	0.109	0.111	0.136	0.122	0.12	0.117	0.156	0.102	0.124	0.143	0.138	0.127	0.123	0.104	0.125	0.163	0.141	0.131	0.109	1106903.0	1148265.338819
sub-0083	0.106	0.115	0.11	0.144	0.109	0.133	0.124	0.119	0.131	0.148	0.139	0.145	0.125	0.14	0.091	0.109	0.121	0.152	0.121	0.138	0.111	0.137	0.1	0.126	0.13	0.132	0.118	0.12	0.099	0.119	0.171	0.149	0.104	0.114	1140331.0	1661525.000806
sub-0084	0.11	0.148	0.106	0.156	0.121	0.125	0.126	0.123	0.133	0.137	0.141	0.144	0.125	0.127	0.089	0.111	0.114	0.174	0.122	0.14	0.109	0.15	0.104	0.133	0.139	0.143	0.123	0.125	0.118	0.122	0.166	0.145	0.137	0.112	1093990.0	1164053.056737
sub-0085	0.122	0.132	0.125	0.163	0.135	0.139	0.144	0.136	0.13	0.151	0.144	0.15	0.12	0.134	0.089	0.12	0.134	0.167	0.131	0.125	0.117	0.155	0.098	0.129	0.151	0.145	0.125	0.124	0.112	0.123	0.195	0.167	0.111	0.125	985381.0	1083882.108839
sub-0086	0.108	0.145	0.113	0.148	0.112	0.122	0.119	0.126	0.118	0.131	0.139	0.135	0.122	0.134	0.087	0.1	0.127	0.145	0.119	0.121	0.105	0.143	0.093	0.129	0.121	0.135	0.112	0.124	0.106	0.124	0.168	0.189	0.124	0.111	1427692.0	1704665.753909
sub-0087	0.111	0.115	0.113	0.161	0.136	0.13	0.125	0.129	0.126	0.13	0.129	0.143	0.142	0.127	0.092	0.11	0.115	0.126	0.129	0.138	0.103	0.125	0.107	0.124	0.108	0.144	0.119	0.124	0.103	0.116	0.165	0.136	0.106	0.121	1138450.0	1481056.243554
sub-0088	0.105	0.144	0.099	0.149	0.147	0.129	0.122	0.14	0.121	0.139	0.132	0.146	0.131	0.13	0.088	0.101	0.12	0.151	0.12	0.14	0.112	0.141	0.101	0.123	0.142	0.142	0.121	0.124	0.105	0.124	0.161	0.138	0.094	0.11	1127888.0	1625399.111629
sub-0089	0.114	0.137	0.103	0.143	0.131	0.138	0.13	0.123	0.131	0.143	0.135	0.15	0.118	0.127	0.099	0.101	0.126	0.13	0.134	0.131	0.108	0.157	0.107	0.118	0.143	0.144	0.119	0.129	0.123	0.126	0.171	0.149	0.121	0.111	1117611.0	1172460.842737
sub-0090	0.113	0.139	0.119	0.157	0.15	0.138	0.134	0.135	0.134	0.141	0.137	0.135	0.133	0.135	0.097	0.12	0.127	0.153	0.129	0.118	0.126	0.152	0.11	0.142	0.127	0.158	0.13	0.13	0.114	0.136	0.192	0.136	0.121	0.108	1069848.0	1417359.174652
sub-0091	0.099	0.136	0.119	0.163	0.148	0.141	0.122	0.122	0.136	0.15	0.129	0.146	0.127	0.138	0.103	0.115	0.129	0.137	0.127	0.144	0.112	0.145	0.108	0.13	0.136	0.153	0.126	0.127	0.111	0.134	0.154	0.155	0.129	0.117	1023227.0	1187784.738248
sub-0092	0.115	0.129	0.1	0.155	0.138	0.136	0.121	0.119	0.121	0.134	0.13	0.139	0.123	0.126	0.092	0.095	0.125	0.139	0.13	0.125	0.111	0.131	0.106	0.122	0.119	0.144	0.124	0.12	0.098	0.127	0.186	0.177	0.118	0.118	1049850.0	1067975.377756
sub-0093	0.12	0.149	0.113	0.161	0.129	0.128	0.132	0.125	0.137	0.139	0.126	0.143	0.12	0.132	0.121	0.096	0.128	0.158	0.121	0.133	0.106	0.156	0.1	0.123	0.147	0.134	0.117	0.122	0.101	0.118	0.195	0.135	0.103	0.117	1289088.0	1474786.699803
sub-0094	0.096	0.142	0.11	0.143	0.12	0.137	0.133	0.132	0.137	0.149	0.128	0.155	0.134	0.123	0.078	0.095	0.108	0.142	0.126	0.143	0.113	0.144	0.101	0.122	0.145	0.14	0.124	0.127	0.103	0.121	0.158	0.127	0.099	0.117	907740.0	936210.537003
sub-0095	0.084	0.126	0.115	0.142	0.109	0.133	0.119	0.149	0.129	0.145	0.141	0.146	0.129	0.129	0.08	0.113	0.12	0.159	0.133	0.134	0.114	0.137	0.101	0.128	0.139	0.145	0.127	0.128	0.11	0.124	0.185	0.152	0.136	0.112	1124391.0	1346371.926449
sub-0096	0.102	0.132	0.11	0.149	0.144	0.125	0.12	0.127	0.131	0.147	0.12	0.128	0.121	0.127	0.089	0.098	0.115	0.145	0.118	0.131	0.112	0.132	0.103	0.118	0.115	0.144	0.116	0.112	0.104	0.125	0.166	0.124	0.147	0.125	1222803.0	1317955.655575
sub-0097	0.118	0.139	0.117	0.153	0.136	0.136	0.124	0.128	0.13	0.138	0.131	0.143	0.13	0.128	0.103	0.105	0.127	0.142	0.12	0.117	0.117	0.126	0.109	0.123	0.106	0.135	0.121	0.118	0.109	0.125	0.177	0.127	0.122	0.116	1005045.0	1006585.32031
sub-0098	0.09	0.134	0.106	0.136	0.139	0.125	0.134	0.127	0.124	0.134	0.135	0.149	0.127	0.13	0.106	0.102	0.116	0.148	0.122	0.145	0.107	0.142	0.104	0.121	0.147	0.141	0.129	0.124	0.094	0.129	0.176	0.143	0.138	0.12	1107007.0	1176840.903136
sub-0099	0.083	0.152	0.114	0.164	0.118	0.127	0.121	0.132	0.132	0.141	0.14	0.147	0.126	0.124	0.098	0.106	0.119	0.127	0.128	0.137	0.117	0.148	0.107	0.124	0.138	0.146	0.123	0.128	0.096	0.132	0.212	0.147	0.135	0.105	1203087.0	1242379.625489
sub-0100	0.099	0.129	0.107	0.141	0.136	0.148	0.135	0.139	0.132	0.143	0.14	0.155	0.124	0.141	0.113	0.101	0.119	0.157	0.123	0.107	0.111	0.147	0.101	0.132	0.139	0.15	0.13	0.126	0.115	0.137	0.194	0.159	0.141	0.116	1045851.0	1216651.688087
sub-0101	0.108	0.127	0.109	0.132	0.143	0.145	0.131	0.121	0.128	0.144	0.141	0.14	0.141	0.133	0.108	0.102	0.117	0.148	0.136	0.128	0.114	0.153	0.105	0.13	0.14	0.144	0.124	0.123	0.114	0.133	0.182	0.151	0.112	0.115	1058038.0	1196463.47549
sub-0102	0.102	0.129	0.112	0.145	0.138	0.133	0.131	0.128	0.131	0.148	0.136	0.141	0.13	0.134	0.119	0.107	0.122	0.16	0.129	0.133	0.11	0.146	0.106	0.121	0.137	0.145	0.128	0.117	0.112	0.133	0.193	0.157	0.122	0.126	1009785.0	1113051.711489
sub-0103	0.105	0.148	0.112	0.159	0.146	0.137	0.128	0.133	0.136	0.144	0.136	0.143	0.134	0.128	0.109	0.1	0.123	0.132	0.138	0.12	0.12	0.129	0.103	0.129	0.121	0.146	0.125	0.124	0.113	0.133	0.186	0.169	0.115	0.113	1189710.0	1457519.582271
sub-0104	0.106	0.16	0.125	0.151	0.143	0.134	0.147	0.133	0.133	0.154	0.142	0.151	0.134	0.129	0.109	0.094	0.119	0.149	0.131	0.128	0.108	0.143	0.106	0.113	0.117	0.142	0.118	0.133	0.116	0.129	0.175	0.143	0.116	0.111	939506.0	1032806.41315
sub-0105	0.1	0.147	0.13	0.154	0.124	0.138	0.133	0.13	0.133	0.143	0.141	0.14	0.137	0.131	0.088	0.119	0.113	0.16	0.137	0.128	0.103	0.14	0.107	0.123	0.162	0.146	0.124	0.126	0.106	0.136	0.18	0.153	0.137	0.116	1156230.0	1368828.637901
sub-0106	0.127	0.135	0.11	0.15	0.116	0.137	0.133	0.131	0.137	0.147	0.137	0.133	0.126	0.134	0.116	0.12	0.113	0.142	0.14	0.116	0.12	0.142	0.11	0.128	0.132	0.136	0.122	0.123	0.114	0.123	0.158	0.14	0.117	0.109	1137287.0	1260985.860422
sub-0107	0.095	0.139	0.106	0.15	0.136	0.129	0.124	0.13	0.129	0.139	0.13	0.153	0.123	0.126	0.11	0.112	0.111	0.147	0.127	0.145	0.104	0.14	0.101	0.119	0.152	0.139	0.123	0.115	0.118	0.125	0.177	0.142	0.131	0.109	1056153.0	1228666.712062
sub-0108	0.119	0.128	0.106	0.147	0.128	0.133	0.131	0.134	0.124	0.148	0.132	0.13	0.107	0.132	0.1	0.104	0.127	0.154	0.122	0.128	0.114	0.144	0.109	0.126	0.131	0.144	0.126	0.12	0.114	0.135	0.19	0.157	0.108	0.123	1160164.0	1350177.045694
sub-0109	0.092	0.133	0.107	0.143	0.154	0.136	0.118	0.121	0.125	0.132	0.14	0.136	0.118	0.118	0.108	0.112	0.12	0.15	0.142	0.113	0.105	0.14	0.103	0.124	0.13	0.141	0.126	0.117	0.11	0.122	0.198	0.138	0.123	0.097	1296342.0	1354077.331744
sub-0110	0.09	0.134	0.121	0.145	0.116	0.124	0.129	0.127	0.137	0.141	0.138	0.145	0.123	0.129	0.09	0.096	0.118	0.14	0.137	0.138	0.106	0.134	0.103	0.125	0.136	0.14	0.123	0.122	0.106	0.128	0.189	0.138	0.122	0.106	1108490.0	1493648.760968
sub-0111	0.116	0.131	0.114	0.141	0.119	0.125	0.119	0.12	0.128	0.128	0.135	0.139	0.128	0.125	0.095	0.102	0.109	0.148	0.127	0.14	0.104	0.141	0.101	0.132	0.116	0.138	0.119	0.122	0.1	0.123	0.172	0.131	0.112	0.115	1300482.0	1746985.631958
sub-0112	0.099	0.147	0.109	0.145	0.126	0.132	0.128	0.126	0.128	0.138	0.137	0.143	0.118	0.129	0.091	0.112	0.12	0.142	0.135	0.131	0.113	0.145	0.107	0.124	0.14	0.143	0.118	0.122	0.118	0.126	0.16	0.165	0.116	0.112	1085005.0	1342310.952564
sub-0113	0.084	0.135	0.116	0.152	0.12	0.125	0.118	0.121	0.128	0.13	0.13	0.14	0.116	0.134	0.084	0.109	0.122	0.158	0.143	0.142	0.112	0.142	0.113	0.116	0.133	0.148	0.133	0.124	0.111	0.115	0.189	0.148	0.141	0.125	1208236.0	1399792.77733
sub-0114	0.11	0.122	0.112	0.14	0.12	0.124	0.127	0.125	0.122	0.125	0.128	0.136	0.118	0.123	0.09	0.103	0.109	0.133	0.123	0.126	0.098	0.135	0.104	0.112	0.139	0.131	0.119	0.119	0.092	0.118	0.198	0.138	0.099	0.115	1240480.0	1533023.828853
sub-0115	0.102	0.132	0.117	0.145	0.109	0.13	0.127	0.141	0.121	0.141	0.128	0.14	0.129	0.13	0.089	0.101	0.115	0.162	0.138	0.135	0.112	0.126	0.106	0.125	0.137	0.132	0.125	0.125	0.112	0.122	0.173	0.15	0.151	0.115	1205597.0	1433892.850141
sub-0116	0.104	0.158	0.122	0.151	0.131	0.14	0.131	0.133	0.126	0.142	0.137	0.15	0.121	0.125	0.094	0.113	0.109	0.141	0.118	0.13	0.111	0.148	0.101	0.12	0.135	0.134	0.125	0.117	0.1	0.127	0.227	0.162	0.077	0.112	1003763.0	1169503.2948
sub-0117	0.109	0.13	0.121	0.151	0.157	0.125	0.127	0.123	0.13	0.143	0.139	0.152	0.131	0.129	0.096	0.101	0.125	0.14	0.116	0.138	0.112	0.149	0.107	0.124	0.142	0.138	0.135	0.125	0.106	0.126	0.151	0.169	0.135	0.127	1122850.0	1258326.402802
sub-0118	0.088	0.127	0.123	0.128	0.13	0.14	0.121	0.118	0.119	0.138	0.131	0.139	0.118	0.121	0.083	0.104	0.12	0.152	0.111	0.122	0.114	0.122	0.103	0.128	0.138	0.133	0.12	0.114	0.102	0.136	0.153	0.145	0.093	0.121	1136134.0	1517204.068982
sub-0119	0.106	0.13	0.13	0.156	0.129	0.137	0.133	0.125	0.131	0.142	0.14	0.137	0.128	0.126	0.116	0.105	0.118	0.16	0.131	0.121	0.109	0.148	0.105	0.122	0.145	0.14	0.13	0.132	0.121	0.139	0.196	0.144	0.137	0.11	973854.0	1142524.063905
sub-0120	0.111	0.123	0.106	0.141	0.116	0.133	0.124	0.121	0.126	0.14	0.131	0.147	0.123	0.125	0.111	0.11	0.129	0.16	0.122	0.126	0.114	0.14	0.106	0.128	0.151	0.14	0.122	0.123	0.112	0.125	0.161	0.163	0.135	0.106	1479125.0	2021513.328619
sub-0121	0.112	0.121	0.113	0.15	0.126	0.136	0.13	0.127	0.149	0.151	0.138	0.147	0.117	0.13	0.103	0.101	0.12	0.163	0.127	0.159	0.107	0.13	0.103	0.123	0.14	0.143	0.125	0.126	0.104	0.121	0.163	0.132	0.112	0.113	1163472.0	1291139.433065
sub-0122	0.099	0.14	0.105	0.159	0.121	0.119	0.131	0.13	0.125	0.142	0.126	0.141	0.104	0.122	0.088	0.107	0.108	0.138	0.134	0.12	0.106	0.141	0.097	0.125	0.132	0.134	0.119	0.122	0.11	0.122	0.167	0.168	0.116	0.108	1422809.0	1828096.093044
sub-0123	0.093	0.124	0.098	0.133	0.136	0.134	0.135	0.129	0.138	0.138	0.122	0.148	0.137	0.125	0.1	0.095	0.123	0.149	0.127	0.148	0.101	0.134	0.098	0.132	0.122	0.143	0.117	0.124	0.092	0.122	0.184	0.152	0.11	0.113	1056703.0	1202245.538042
sub-0124	0.103	0.146	0.115	0.145	0.106	0.125	0.126	0.121	0.13	0.136	0.141	0.131	0.127	0.135	0.094	0.113	0.125	0.122	0.131	0.126	0.112	0.146	0.108	0.118	0.134	0.137	0.126	0.121	0.113	0.117	0.19	0.153	0.122	0.106	1299341.0	1345933.806232
sub-0125	0.116	0.125	0.13	0.151	0.12	0.122	0.147	0.124	0.13	0.137	0.147	0.135	0.12	0.138	0.148	0.116	0.128	0.146	0.124	0.139	0.115	0.138	0.113	0.124	0.15	0.142	0.124	0.132	0.124	0.123	0.177	0.157	0.15	0.126	1159048.0	1224828.909355
sub-0126	0.083	0.121	0.105	0.162	0.132	0.137	0.125	0.14	0.119	0.143	0.136	0.149	0.131	0.139	0.109	0.113	0.121	0.14	0.128	0.128	0.11	0.125	0.105	0.12	0.15	0.147	0.124	0.129	0.115	0.127	0.167	0.15	0.122	0.104	1126415.0	1323515.101947
sub-0127	0.094	0.145	0.116	0.14	0.165	0.127	0.129	0.126	0.12	0.139	0.136	0.138	0.13	0.119	0.088	0.107	0.109	0.148	0.138	0.124	0.112	0.141	0.107	0.13	0.143	0.142	0.125	0.124	0.105	0.123	0.21	0.179	0.111	0.119	1000164.0	991839.91259
sub-0128	0.102	0.137	0.107	0.147	0.14	0.131	0.126	0.118	0.145	0.144	0.139	0.134	0.122	0.129	0.104	0.108	0.103	0.13	0.128	0.135	0.112	0.143	0.11	0.123	0.131	0.136	0.126	0.121	0.106	0.126	0.17	0.191	0.105	0.107	1053916.0	1228805.663373
sub-0129	0.118	0.126	0.112	0.141	0.133	0.124	0.122	0.131	0.129	0.143	0.139	0.14	0.125	0.127	0.079	0.102	0.121	0.142	0.122	0.141	0.101	0.14	0.097	0.127	0.144	0.138	0.122	0.113	0.108	0.127	0.2	0.155	0.127	0.108	1210188.0	1294279.684841
sub-0130	0.119	0.138	0.1	0.151	0.127	0.134	0.124	0.135	0.128	0.151	0.144	0.156	0.133	0.143	0.085	0.098	0.102	0.144	0.136	0.127	0.095	0.124	0.096	0.129	0.14	0.142	0.121	0.111	0.108	0.12	0.174	0.153	0.122	0.115	995249.0	1140354.943908
sub-0131	0.099	0.122	0.104	0.138	0.117	0.124	0.129	0.12	0.121	0.135	0.119	0.14	0.124	0.124	0.107	0.093	0.106	0.144	0.111	0.141	0.101	0.128	0.094	0.12	0.132	0.131	0.12	0.114	0.092	0.112	0.159	0.12	0.108	0.109	1261640.0	1549175.205159
sub-0132	0.096	0.142	0.106	0.141	0.147	0.123	0.129	0.132	0.138	0.141	0.135	0.151	0.138	0.135	0.083	0.104	0.102	0.152	0.117	0.149	0.108	0.129	0.1	0.127	0.142	0.14	0.124	0.12	0.102	0.12	0.177	0.142	0.126	0.128	999574.0	1050497.245751
sub-0133	0.097	0.146	0.107	0.138	0.123	0.131	0.126	0.136	0.12	0.137	0.14	0.14	0.144	0.124	0.114	0.1	0.113	0.138	0.115	0.138	0.099	0.145	0.097	0.12	0.142	0.145	0.12	0.112	0.098	0.128	0.188	0.142	0.137	0.117	1155186.0	1386889.12052
sub-0134	0.091	0.12	0.102	0.147	0.107	0.124	0.128	0.121	0.128	0.135	0.132	0.136	0.124	0.133	0.095	0.101	0.11	0.143	0.135	0.113	0.109	0.113	0.095	0.12	0.129	0.138	0.119	0.127	0.094	0.12	0.187	0.123	0.11	0.109	1114821.0	1128558.055114
sub-0135	0.101	0.136	0.108	0.159	0.119	0.137	0.13	0.135	0.133	0.144	0.139	0.142	0.135	0.14	0.088	0.105	0.113	0.143	0.121	0.133	0.112	0.143	0.111	0.123	0.127	0.138	0.131	0.128	0.116	0.127	0.167	0.155	0.133	0.112	1173922.0	1560089.559788
sub-0136	0.137	0.149	0.102	0.147	0.135	0.118	0.122	0.136	0.127	0.135	0.13	0.143	0.117	0.132	0.088	0.108	0.103	0.134	0.131	0.135	0.105	0.134	0.1	0.12	0.133	0.133	0.119	0.114	0.113	0.124	0.186	0.156	0.117	0.115	1150253.0	1416240.167867
sub-0137	0.1	0.126	0.11	0.129	0.097	0.116	0.116	0.147	0.12	0.13	0.13	0.142	0.127	0.124	0.075	0.097	0.114	0.129	0.116	0.113	0.1	0.134	0.098	0.117	0.112	0.133	0.126	0.112	0.095	0.112	0.162	0.125	0.122	0.115	1157269.0	1311678.877331
sub-0138	0.1	0.148	0.111	0.145	0.165	0.134	0.138	0.147	0.118	0.145	0.131	0.14	0.126	0.127	0.1	0.105	0.132	0.135	0.12	0.112	0.116	0.131	0.103	0.123	0.133	0.146	0.119	0.125	0.112	0.131	0.166	0.145	0.145	0.105	1113304.0	1262080.962009
sub-0139	0.107	0.14	0.122	0.154	0.099	0.131	0.124	0.138	0.153	0.143	0.142	0.153	0.138	0.121	0.096	0.102	0.12	0.165	0.132	0.133	0.118	0.134	0.109	0.128	0.135	0.139	0.134	0.124	0.105	0.127	0.224	0.164	0.121	0.108	1034354.0	1196970.534904
sub-0140	0.103	0.15	0.117	0.158	0.139	0.122	0.132	0.131	0.135	0.133	0.134	0.139	0.126	0.129	0.091	0.095	0.127	0.138	0.119	0.134	0.109	0.148	0.099	0.117	0.139	0.128	0.122	0.122	0.101	0.127	0.17	0.166	0.121	0.123	1153558.0	1380956.920453
sub-0141	0.126	0.13	0.118	0.154	0.134	0.127	0.13	0.127	0.127	0.147	0.132	0.143	0.121	0.141	0.095	0.109	0.115	0.165	0.147	0.118	0.124	0.143	0.105	0.12	0.134	0.148	0.124	0.127	0.127	0.125	0.216	0.17	0.115	0.112	1169125.0	1500243.929005
sub-0142	0.094	0.12	0.11	0.148	0.099	0.123	0.123	0.128	0.135	0.141	0.128	0.148	0.131	0.116	0.101	0.105	0.124	0.147	0.131	0.144	0.105	0.145	0.105	0.122	0.142	0.136	0.122	0.119	0.093	0.127	0.178	0.144	0.127	0.103	1155332.0	1172995.662964
sub-0143	0.103	0.142	0.115	0.174	0.17	0.133	0.133	0.139	0.135	0.141	0.134	0.15	0.138	0.13	0.1	0.098	0.121	0.146	0.131	0.127	0.117	0.145	0.106	0.125	0.139	0.147	0.131	0.121	0.122	0.132	0.224	0.154	0.134	0.113	1099919.0	1400353.421911
sub-0144	0.11	0.136	0.123	0.15	0.128	0.122	0.128	0.122	0.136	0.142	0.136	0.154	0.119	0.131	0.131	0.113	0.12	0.163	0.121	0.131	0.118	0.149	0.109	0.135	0.13	0.149	0.128	0.119	0.106	0.135	0.192	0.156	0.111	0.111	1226259.0	1681085.659417
sub-0145	0.118	0.123	0.114	0.145	0.142	0.136	0.134	0.132	0.122	0.137	0.143	0.146	0.135	0.129	0.101	0.11	0.123	0.138	0.12	0.125	0.11	0.145	0.107	0.127	0.126	0.134	0.124	0.124	0.099	0.12	0.225	0.157	0.118	0.113	1071579.0	1299827.985789
sub-0146	0.116	0.146	0.103	0.161	0.14	0.133	0.129	0.131	0.13	0.134	0.138	0.151	0.132	0.13	0.08	0.111	0.11	0.138	0.12	0.135	0.106	0.143	0.099	0.121	0.135	0.134	0.125	0.121	0.101	0.124	0.192	0.181	0.114	0.116	1058927.0	1294601.842197
sub-0147	0.101	0.123	0.121	0.15	0.122	0.122	0.13	0.123	0.134	0.148	0.141	0.133	0.126	0.132	0.093	0.098	0.122	0.155	0.133	0.119	0.114	0.143	0.104	0.119	0.147	0.147	0.127	0.121	0.124	0.127	0.191	0.152	0.117	0.108	1136736.0	1241067.766693
sub-0148	0.098	0.138	0.109	0.159	0.093	0.13	0.136	0.132	0.138	0.149	0.138	0.14	0.133	0.127	0.079	0.092	0.112	0.131	0.119	0.135	0.112	0.152	0.1	0.127	0.132	0.131	0.117	0.127	0.108	0.132	0.164	0.145	0.118	0.112	1099889.0	1371161.493702
sub-0149	0.116	0.138	0.122	0.154	0.121	0.138	0.131	0.143	0.125	0.143	0.129	0.147	0.134	0.14	0.105	0.103	0.124	0.134	0.131	0.138	0.102	0.133	0.112	0.123	0.13	0.143	0.117	0.126	0.117	0.129	0.18	0.14	0.108	0.112	1083413.0	1075534.959018
sub-0150	0.101	0.135	0.124	0.149	0.143	0.136	0.137	0.138	0.127	0.147	0.133	0.148	0.129	0.138	0.091	0.106	0.123	0.164	0.119	0.139	0.122	0.148	0.104	0.12	0.124	0.14	0.13	0.129	0.109	0.135	0.193	0.167	0.098	0.104	979744.0	1171160.88029
sub-0151	0.1	0.123	0.126	0.152	0.13	0.129	0.131	0.124	0.137	0.144	0.136	0.143	0.128	0.123	0.091	0.105	0.123	0.151	0.134	0.134	0.101	0.144	0.104	0.126	0.126	0.141	0.12	0.124	0.106	0.12	0.198	0.151	0.123	0.119	1097082.0	1509962.151515
sub-0152	0.097	0.144	0.116	0.158	0.129	0.139	0.14	0.134	0.151	0.143	0.142	0.15	0.121	0.13	0.082	0.104	0.113	0.141	0.143	0.148	0.105	0.144	0.103	0.127	0.14	0.143	0.126	0.128	0.1	0.128	0.16	0.128	0.136	0.113	963268.0	999643.89995
sub-0153	0.081	0.141	0.114	0.139	0.096	0.122	0.118	0.125	0.118	0.139	0.134	0.132	0.126	0.115	0.077	0.098	0.118	0.152	0.13	0.124	0.109	0.134	0.105	0.12	0.139	0.138	0.119	0.121	0.099	0.119	0.17	0.152	0.074	0.108	1174849.0	1431686.192644
sub-0154	0.107	0.149	0.131	0.157	0.111	0.135	0.137	0.129	0.127	0.142	0.139	0.143	0.126	0.134	0.094	0.1	0.13	0.146	0.138	0.13	0.119	0.152	0.113	0.125	0.142	0.152	0.13	0.127	0.112	0.124	0.161	0.145	0.117	0.107	1124285.0	1408099.524744
sub-0155	0.093	0.149	0.107	0.147	0.101	0.118	0.122	0.132	0.125	0.136	0.135	0.135	0.125	0.126	0.084	0.106	0.101	0.144	0.114	0.129	0.108	0.138	0.095	0.121	0.145	0.133	0.11	0.121	0.105	0.12	0.182	0.152	0.141	0.114	1296459.0	1725216.128586
sub-0156	0.099	0.139	0.116	0.152	0.14	0.139	0.137	0.13	0.119	0.135	0.144	0.15	0.125	0.127	0.095	0.11	0.118	0.146	0.128	0.134	0.1	0.143	0.104	0.121	0.115	0.137	0.125	0.121	0.11	0.123	0.148	0.163	0.13	0.117	1132616.0	1523832.725016
sub-0157	0.1	0.148	0.111	0.153	0.122	0.127	0.125	0.131	0.128	0.136	0.131	0.14	0.115	0.128	0.095	0.101	0.099	0.15	0.126	0.131	0.114	0.121	0.103	0.128	0.129	0.131	0.117	0.119	0.105	0.128	0.161	0.124	0.116	0.113	1196794.0	1246740.565978
sub-0158	0.121	0.148	0.113	0.168	0.125	0.13	0.124	0.124	0.13	0.144	0.136	0.145	0.127	0.124	0.107	0.104	0.11	0.153	0.127	0.131	0.105	0.138	0.096	0.121	0.162	0.134	0.126	0.12	0.114	0.116	0.199	0.148	0.112	0.122	1140746.0	1506750.044298
sub-0159	0.11	0.113	0.116	0.166	0.104	0.131	0.134	0.129	0.135	0.149	0.14	0.135	0.125	0.13	0.087	0.111	0.121	0.149	0.134	0.138	0.117	0.155	0.112	0.123	0.139	0.144	0.132	0.129	0.115	0.122	0.198	0.146	0.131	0.104	1329475.0	1869415.720584
sub-0160	0.097	0.138	0.105	0.147	0.141	0.132	0.127	0.115	0.12	0.143	0.14	0.128	0.132	0.133	0.107	0.112	0.125	0.14	0.143	0.11	0.101	0.135	0.099	0.122	0.141	0.144	0.127	0.118	0.114	0.125	0.176	0.135	0.132	0.111	1241604.0	1676307.142224
sub-0161	0.105	0.13	0.119	0.155	0.147	0.124	0.129	0.127	0.122	0.144	0.136	0.146	0.14	0.126	0.102	0.106	0.122	0.129	0.124	0.136	0.12	0.14	0.105	0.126	0.115	0.134	0.124	0.122	0.101	0.126	0.183	0.145	0.123	0.11	1247134.0	1602061.22089
sub-0162	0.101	0.127	0.111	0.151	0.115	0.136	0.125	0.13	0.121	0.132	0.124	0.137	0.123	0.127	0.097	0.11	0.125	0.153	0.142	0.113	0.105	0.147	0.103	0.107	0.138	0.129	0.125	0.117	0.118	0.128	0.185	0.142	0.113	0.107	1191848.0	1344554.555009
sub-0163	0.111	0.136	0.114	0.154	0.104	0.133	0.134	0.135	0.141	0.148	0.139	0.141	0.116	0.136	0.123	0.111	0.126	0.133	0.122	0.135	0.116	0.15	0.105	0.13	0.122	0.137	0.124	0.124	0.113	0.132	0.175	0.156	0.103	0.114	1183333.0	1294739.797538
sub-0164	0.103	0.134	0.107	0.157	0.149	0.132	0.134	0.14	0.139	0.149	0.138	0.152	0.13	0.139	0.083	0.099	0.12	0.182	0.12	0.133	0.118	0.145	0.107	0.138	0.155	0.135	0.119	0.122	0.111	0.135	0.152	0.147	0.134	0.109	1096547.0	1188231.934878
sub-0165	0.092	0.145	0.112	0.139	0.117	0.127	0.122	0.14	0.13	0.138	0.143	0.143	0.137	0.145	0.086	0.109	0.116	0.15	0.128	0.133	0.116	0.147	0.105	0.122	0.149	0.146	0.127	0.118	0.12	0.13	0.194	0.142	0.122	0.101	1078700.0	1483535.133
sub-0166	0.119	0.127	0.112	0.174	0.115	0.133	0.128	0.13	0.136	0.143	0.143	0.152	0.13	0.135	0.099	0.114	0.123	0.169	0.137	0.131	0.113	0.155	0.115	0.13	0.147	0.14	0.129	0.134	0.109	0.13	0.179	0.135	0.152	0.113	1046479.0	1114885.546577
sub-0167	0.111	0.131	0.11	0.16	0.125	0.125	0.127	0.135	0.142	0.135	0.134	0.149	0.129	0.134	0.089	0.108	0.118	0.153	0.117	0.13	0.114	0.138	0.101	0.115	0.144	0.142	0.121	0.12	0.113	0.13	0.194	0.146	0.132	0.115	1262657.0	1396117.635519
sub-0168	0.11	0.147	0.105	0.16	0.141	0.132	0.126	0.116	0.131	0.147	0.141	0.149	0.132	0.136	0.102	0.101	0.123	0.145	0.114	0.127	0.119	0.154	0.106	0.123	0.146	0.145	0.127	0.13	0.104	0.135	0.18	0.16	0.111	0.123	1070708.0	1068907.036454
sub-0169	0.089	0.143	0.112	0.149	0.115	0.126	0.126	0.123	0.143	0.139	0.135	0.141	0.126	0.118	0.087	0.115	0.119	0.141	0.127	0.129	0.101	0.148	0.099	0.12	0.128	0.143	0.118	0.122	0.093	0.114	0.155	0.127	0.116	0.111	1107565.0	1332878.998056
sub-0170	0.112	0.153	0.118	0.162	0.14	0.139	0.131	0.137	0.142	0.146	0.148	0.161	0.144	0.142	0.11	0.117	0.136	0.152	0.131	0.143	0.129	0.157	0.111	0.137	0.143	0.159	0.129	0.131	0.115	0.13	0.204	0.152	0.136	0.127	1053415.0	1088755.12353
sub-0171	0.083	0.134	0.101	0.146	0.146	0.133	0.117	0.13	0.12	0.144	0.133	0.143	0.114	0.117	0.119	0.103	0.118	0.133	0.124	0.125	0.109	0.137	0.106	0.121	0.133	0.139	0.121	0.116	0.101	0.124	0.194	0.124	0.07	0.113	1029824.0	1126175.098684
sub-0172	0.106	0.141	0.117	0.147	0.111	0.123	0.122	0.124	0.122	0.126	0.131	0.132	0.114	0.119	0.092	0.104	0.113	0.155	0.123	0.138	0.103	0.141	0.098	0.121	0.138	0.133	0.125	0.116	0.096	0.121	0.173	0.147	0.129	0.119	1106757.0	1180936.690315
sub-0173	0.079	0.146	0.1	0.149	0.106	0.13	0.121	0.134	0.116	0.141	0.129	0.142	0.136	0.124	0.096	0.101	0.116	0.133	0.132	0.134	0.104	0.132	0.104	0.12	0.123	0.136	0.122	0.121	0.109	0.118	0.18	0.162	0.113	0.103	1183561.0	1364461.961894
sub-0174	0.109	0.148	0.106	0.154	0.124	0.135	0.132	0.124	0.133	0.138	0.126	0.14	0.122	0.117	0.101	0.111	0.109	0.145	0.13	0.143	0.106	0.149	0.102	0.125	0.147	0.133	0.12	0.12	0.1	0.123	0.178	0.169	0.123	0.114	1108649.0	1250543.228796
sub-0175	0.111	0.136	0.114	0.147	0.102	0.107	0.122	0.137	0.128	0.13	0.132	0.14	0.128	0.127	0.091	0.098	0.11	0.137	0.12	0.142	0.101	0.139	0.102	0.117	0.144	0.132	0.118	0.112	0.105	0.121	0.181	0.141	0.105	0.105	1203609.0	1397912.491468
sub-0176	0.118	0.142	0.121	0.153	0.126	0.136	0.132	0.119	0.137	0.146	0.131	0.151	0.13	0.121	0.119	0.1	0.115	0.157	0.134	0.128	0.104	0.136	0.099	0.126	0.14	0.147	0.123	0.114	0.104	0.127	0.209	0.176	0.125	0.108	1161984.0	1515596.878423
sub-0177	0.117	0.125	0.104	0.134	0.127	0.118	0.125	0.126	0.132	0.139	0.131	0.134	0.121	0.123	0.085	0.113	0.106	0.131	0.121	0.142	0.115	0.135	0.102	0.125	0.116	0.131	0.126	0.118	0.111	0.117	0.186	0.131	0.108	0.105	1336472.0	1462053.042068
sub-0178	0.094	0.142	0.111	0.138	0.131	0.132	0.124	0.132	0.13	0.132	0.128	0.14	0.121	0.12	0.086	0.11	0.109	0.142	0.122	0.132	0.101	0.128	0.1	0.121	0.143	0.135	0.117	0.121	0.112	0.118	0.176	0.144	0.125	0.109	1232195.0	1382342.680047
sub-0179	0.09	0.147	0.122	0.134	0.122	0.123	0.126	0.121	0.127	0.142	0.124	0.152	0.126	0.132	0.092	0.095	0.126	0.147	0.122	0.127	0.107	0.139	0.103	0.12	0.146	0.144	0.125	0.126	0.113	0.132	0.169	0.151	0.126	0.119	1018270.0	1122713.412136
sub-0180	0.111	0.136	0.107	0.151	0.14	0.126	0.125	0.129	0.133	0.132	0.136	0.133	0.12	0.127	0.096	0.105	0.116	0.15	0.123	0.13	0.112	0.149	0.098	0.119	0.136	0.133	0.117	0.123	0.092	0.126	0.177	0.134	0.132	0.112	1182803.0	1344093.40582
sub-0181	0.103	0.131	0.117	0.128	0.102	0.118	0.12	0.125	0.128	0.133	0.125	0.135	0.113	0.122	0.08	0.107	0.123	0.15	0.115	0.121	0.101	0.14	0.099	0.128	0.13	0.144	0.127	0.123	0.105	0.128	0.164	0.144	0.123	0.115	1114971.0	1208157.976809
sub-0182	0.109	0.131	0.105	0.145	0.11	0.126	0.117	0.133	0.132	0.138	0.136	0.142	0.116	0.126	0.084	0.091	0.104	0.131	0.111	0.142	0.112	0.147	0.09	0.125	0.139	0.136	0.119	0.109	0.1	0.121	0.204	0.133	0.095	0.12	1218886.0	1707703.489784
sub-0183	0.109	0.137	0.11	0.14	0.142	0.129	0.13	0.134	0.14	0.141	0.13	0.14	0.119	0.14	0.099	0.098	0.114	0.156	0.138	0.127	0.107	0.149	0.101	0.121	0.135	0.14	0.123	0.121	0.116	0.132	0.194	0.145	0.146	0.109	1222139.0	1389022.790286
sub-0184	0.106	0.122	0.126	0.151	0.122	0.131	0.119	0.119	0.12	0.136	0.126	0.138	0.121	0.116	0.089	0.098	0.11	0.156	0.123	0.134	0.101	0.136	0.099	0.119	0.129	0.137	0.124	0.115	0.09	0.121	0.168	0.15	0.133	0.112	1119673.0	1421105.874308
sub-0185	0.121	0.152	0.112	0.157	0.144	0.139	0.132	0.14	0.142	0.142	0.133	0.152	0.121	0.134	0.1	0.104	0.12	0.167	0.133	0.136	0.121	0.153	0.108	0.126	0.128	0.144	0.125	0.123	0.109	0.14	0.176	0.151	0.134	0.122	1031360.0	1164638.993604
sub-0186	0.105	0.12	0.108	0.146	0.131	0.131	0.12	0.132	0.136	0.14	0.138	0.14	0.122	0.137	0.083	0.095	0.126	0.148	0.13	0.138	0.107	0.142	0.103	0.129	0.128	0.136	0.123	0.117	0.106	0.121	0.194	0.164	0.103	0.11	1131354.0	1182270.431873
sub-0187	0.093	0.144	0.126	0.141	0.114	0.139	0.135	0.123	0.126	0.146	0.138	0.142	0.13	0.142	0.097	0.113	0.134	0.159	0.154	0.13	0.114	0.138	0.106	0.122	0.149	0.149	0.129	0.133	0.113	0.126	0.188	0.121	0.108	0.104	978911.0	1000616.99038
sub-0188	0.105	0.133	0.125	0.139	0.106	0.13	0.122	0.128	0.125	0.135	0.131	0.141	0.124	0.131	0.114	0.115	0.125	0.148	0.122	0.124	0.108	0.146	0.106	0.121	0.125	0.138	0.126	0.117	0.11	0.121	0.195	0.134	0.125	0.109	1171115.0	1671464.758941
sub-0189	0.106	0.131	0.113	0.147	0.122	0.127	0.127	0.121	0.141	0.136	0.134	0.146	0.124	0.128	0.103	0.1	0.116	0.137	0.122	0.118	0.105	0.136	0.103	0.12	0.113	0.13	0.12	0.118	0.109	0.136	0.165	0.142	0.112	0.111	1193360.0	1408474.652249
sub-0190	0.097	0.158	0.12	0.157	0.139	0.131	0.122	0.136	0.139	0.139	0.131	0.146	0.122	0.131	0.092	0.106	0.128	0.139	0.112	0.116	0.106	0.143	0.106	0.131	0.132	0.139	0.126	0.123	0.105	0.124	0.183	0.158	0.111	0.117	1070956.0	1109211.719412
sub-0191	0.111	0.14	0.115	0.143	0.1	0.124	0.13	0.131	0.125	0.142	0.137	0.156	0.123	0.125	0.096	0.095	0.114	0.165	0.147	0.124	0.111	0.14	0.104	0.125	0.139	0.144	0.119	0.121	0.105	0.13	0.179	0.129	0.07	0.114	1089870.0	1177626.199735
sub-0192	0.112	0.152	0.106	0.149	0.14	0.129	0.129	0.137	0.127	0.143	0.141	0.14	0.115	0.136	0.084	0.102	0.122	0.133	0.148	0.141	0.112	0.146	0.107	0.117	0.131	0.139	0.125	0.127	0.114	0.125	0.21	0.18	0.113	0.108	1091124.0	1124688.764518
sub-0193	0.095	0.124	0.105	0.143	0.124	0.132	0.128	0.13	0.136	0.145	0.132	0.155	0.118	0.127	0.119	0.104	0.11	0.126	0.116	0.128	0.109	0.139	0.102	0.123	0.132	0.128	0.119	0.127	0.106	0.122	0.18	0.133	0.131	0.106	1200612.0	1497110.433836
sub-0194	0.107	0.142	0.124	0.152	0.093	0.122	0.13	0.135	0.12	0.128	0.134	0.136	0.114	0.132	0.079	0.092	0.104	0.146	0.129	0.143	0.104	0.129	0.106	0.122	0.134	0.148	0.126	0.129	0.095	0.128	0.172	0.153	0.12	0.126	1023368.0	1084886.607425
sub-0195	0.081	0.125	0.119	0.147	0.125	0.126	0.119	0.113	0.128	0.127	0.13	0.136	0.129	0.116	0.083	0.106	0.106	0.12	0.125	0.121	0.101	0.131	0.1	0.123	0.134	0.128	0.12	0.115	0.103	0.122	0.161	0.128	0.107	0.107	1241762.0	1538419.454402
sub-0196	0.112	0.133	0.117	0.156	0.122	0.124	0.13	0.137	0.135	0.145	0.129	0.144	0.122	0.134	0.09	0.111	0.113	0.143	0.13	0.131	0.104	0.137	0.1	0.128	0.105	0.138	0.122	0.126	0.119	0.128	0.189	0.153	0.142	0.122	1228295.0	1668423.982499
sub-0197	0.106	0.139	0.114	0.151	0.118	0.131	0.131	0.123	0.141	0.141	0.134	0.152	0.132	0.124	0.119	0.108	0.124	0.157	0.121	0.138	0.113	0.153	0.109	0.132	0.152	0.142	0.128	0.125	0.107	0.137	0.166	0.171	0.135	0.11	1044056.0	1258306.734204
sub-0198	0.122	0.143	0.107	0.145	0.138	0.123	0.125	0.13	0.125	0.143	0.137	0.137	0.128	0.134	0.085	0.1	0.117	0.143	0.132	0.125	0.108	0.138	0.095	0.127	0.124	0.137	0.118	0.122	0.111	0.111	0.178	0.162	0.135	0.109	1365519.0	1458897.139023
sub-0199	0.12	0.136	0.105	0.149	0.128	0.123	0.116	0.119	0.123	0.131	0.131	0.142	0.118	0.128	0.098	0.092	0.102	0.16	0.107	0.137	0.102	0.136	0.102	0.124	0.139	0.13	0.12	0.127	0.102	0.124	0.174	0.142	0.118	0.11	1103141.0	1194569.533889
sub-0200	0.098	0.141	0.118	0.138	0.111	0.129	0.12	0.117	0.122	0.137	0.141	0.147	0.111	0.127	0.103	0.114	0.112	0.152	0.126	0.133	0.107	0.152	0.104	0.123	0.131	0.143	0.121	0.122	0.097	0.122	0.173	0.129	0.133	0.107	1129728.0	1339088.964463
sub-0201	0.096	0.149	0.111	0.135	0.132	0.123	0.124	0.136	0.123	0.144	0.138	0.136	0.119	0.125	0.095	0.107	0.123	0.157	0.127	0.126	0.101	0.157	0.1	0.123	0.134	0.138	0.124	0.116	0.105	0.117	0.177	0.147	0.115	0.113	1251487.0	1453753.118797
sub-0202	0.105	0.145	0.128	0.148	0.127	0.122	0.123	0.134	0.13	0.133	0.14	0.149	0.127	0.123	0.107	0.101	0.114	0.141	0.15	0.133	0.107	0.147	0.11	0.123	0.137	0.147	0.125	0.12	0.104	0.121	0.19	0.167	0.123	0.119	1067239.0	1192080.919068
sub-0203	0.085	0.139	0.114	0.141	0.134	0.135	0.11	0.132	0.122	0.139	0.134	0.15	0.127	0.118	0.091	0.105	0.112	0.126	0.116	0.125	0.104	0.128	0.103	0.125	0.131	0.146	0.124	0.114	0.101	0.12	0.18	0.142	0.124	0.116	1238455.0	1667863.760176
sub-0204	0.108	0.162	0.11	0.145	0.127	0.124	0.118	0.136	0.132	0.139	0.133	0.142	0.141	0.132	0.101	0.106	0.127	0.154	0.145	0.12	0.099	0.135	0.099	0.12	0.138	0.142	0.123	0.118	0.105	0.116	0.198	0.143	0.087	0.106	1033163.0	992735.380142
sub-0205	0.107	0.144	0.118	0.155	0.119	0.129	0.118	0.121	0.133	0.135	0.13	0.139	0.134	0.125	0.106	0.106	0.109	0.147	0.112	0.114	0.111	0.137	0.101	0.115	0.139	0.13	0.124	0.11	0.106	0.122	0.215	0.176	0.137	0.125	1160996.0	1563914.777924
sub-0206	0.125	0.143	0.113	0.158	0.123	0.132	0.129	0.132	0.15	0.146	0.138	0.16	0.128	0.146	0.109	0.102	0.124	0.151	0.128	0.124	0.116	0.155	0.099	0.131	0.097	0.148	0.126	0.126	0.116	0.134	0.168	0.168	0.117	0.109	1150456.0	1339237.223034
sub-0207	0.105	0.123	0.113	0.152	0.131	0.136	0.123	0.13	0.128	0.133	0.138	0.147	0.136	0.132	0.086	0.112	0.112	0.138	0.108	0.137	0.106	0.142	0.102	0.126	0.124	0.143	0.123	0.118	0.113	0.115	0.168	0.147	0.127	0.115	1259833.0	1649140.369493
sub-0208	0.122	0.165	0.11	0.157	0.135	0.136	0.135	0.144	0.143	0.15	0.133	0.143	0.124	0.138	0.114	0.112	0.107	0.167	0.124	0.131	0.115	0.15	0.11	0.131	0.142	0.139	0.129	0.124	0.121	0.144	0.181	0.144	0.142	0.118	1075334.0	1060995.521317
sub-0209	0.111	0.126	0.113	0.162	0.11	0.12	0.121	0.122	0.126	0.139	0.127	0.149	0.114	0.134	0.102	0.106	0.118	0.168	0.125	0.126	0.11	0.135	0.105	0.121	0.115	0.142	0.127	0.123	0.115	0.127	0.187	0.152	0.13	0.114	1385722.0	1848661.061498
sub-0210	0.107	0.128	0.116	0.133	0.122	0.13	0.132	0.127	0.129	0.143	0.13	0.148	0.13	0.122	0.097	0.105	0.114	0.153	0.129	0.119	0.113	0.149	0.102	0.122	0.124	0.135	0.125	0.119	0.107	0.124	0.225	0.151	0.097	0.121	1040520.0	1342570.105113
sub-0211	0.11	0.14	0.109	0.166	0.143	0.14	0.13	0.144	0.132	0.136	0.143	0.145	0.123	0.127	0.107	0.115	0.124	0.154	0.128	0.137	0.11	0.136	0.099	0.125	0.143	0.137	0.121	0.128	0.105	0.119	0.186	0.133	0.143	0.118	1064667.0	1395877.819049
sub-0212	0.119	0.145	0.118	0.153	0.09	0.129	0.133	0.125	0.148	0.142	0.132	0.138	0.117	0.138	0.102	0.097	0.122	0.15	0.119	0.12	0.104	0.14	0.105	0.127	0.133	0.14	0.127	0.122	0.109	0.124	0.197	0.137	0.107	0.098	1272058.0	1690078.280264
sub-0213	0.105	0.129	0.109	0.153	0.127	0.124	0.128	0.134	0.14	0.132	0.124	0.134	0.129	0.128	0.088	0.1	0.097	0.145	0.111	0.137	0.102	0.144	0.101	0.127	0.119	0.138	0.115	0.124	0.106	0.125	0.185	0.16	0.121	0.106	1374934.0	1803991.743275
sub-0214	0.103	0.119	0.115	0.142	0.103	0.117	0.123	0.124	0.139	0.149	0.14	0.149	0.116	0.122	0.09	0.111	0.117	0.139	0.136	0.137	0.114	0.12	0.104	0.136	0.144	0.13	0.121	0.119	0.107	0.123	0.178	0.155	0.13	0.121	1318561.0	1509055.969452
sub-0215	0.09	0.129	0.114	0.148	0.134	0.123	0.121	0.127	0.125	0.136	0.13	0.14	0.111	0.132	0.094	0.113	0.116	0.139	0.124	0.134	0.108	0.139	0.109	0.121	0.132	0.144	0.121	0.124	0.096	0.12	0.182	0.151	0.121	0.12	1269350.0	1209103.356156
sub-0216	0.103	0.143	0.117	0.163	0.116	0.136	0.133	0.152	0.129	0.148	0.137	0.156	0.122	0.124	0.113	0.112	0.123	0.16	0.145	0.143	0.114	0.138	0.101	0.132	0.135	0.143	0.131	0.126	0.111	0.129	0.19	0.151	0.131	0.115	1125366.0	1541804.522307
sub-0217	0.116	0.136	0.11	0.156	0.111	0.13	0.133	0.133	0.125	0.143	0.13	0.139	0.136	0.129	0.121	0.113	0.111	0.143	0.126	0.14	0.108	0.145	0.103	0.124	0.122	0.139	0.12	0.122	0.118	0.122	0.197	0.16	0.11	0.117	1227799.0	1606021.742306
sub-0218	0.118	0.153	0.109	0.138	0.129	0.129	0.127	0.123	0.143	0.142	0.134	0.137	0.123	0.118	0.097	0.104	0.105	0.148	0.132	0.128	0.1	0.154	0.098	0.119	0.132	0.134	0.121	0.118	0.102	0.132	0.201	0.112	0.131	0.113	1104093.0	1196955.80607
sub-0219	0.123	0.108	0.114	0.161	0.099	0.14	0.128	0.144	0.137	0.145	0.125	0.135	0.119	0.135	0.089	0.105	0.11	0.168	0.127	0.142	0.118	0.142	0.108	0.124	0.106	0.142	0.124	0.123	0.109	0.134	0.168	0.167	0.144	0.114	1141454.0	1215124.082662
sub-0220	0.075	0.155	0.114	0.152	0.107	0.13	0.129	0.127	0.134	0.142	0.129	0.147	0.116	0.119	0.083	0.108	0.12	0.145	0.145	0.125	0.114	0.153	0.102	0.132	0.141	0.131	0.119	0.122	0.091	0.124	0.161	0.154	0.123	0.096	1136076.0	1496029.90032
sub-0221	0.103	0.14	0.114	0.152	0.143	0.137	0.129	0.123	0.132	0.14	0.13	0.143	0.127	0.131	0.106	0.105	0.129	0.14	0.131	0.125	0.118	0.134	0.11	0.13	0.106	0.138	0.121	0.118	0.104	0.128	0.177	0.151	0.126	0.114	1205752.0	1309253.785275
sub-0222	0.1	0.129	0.103	0.14	0.133	0.142	0.124	0.127	0.13	0.144	0.141	0.145	0.125	0.132	0.092	0.095	0.117	0.154	0.109	0.146	0.106	0.14	0.101	0.133	0.131	0.137	0.123	0.125	0.103	0.126	0.215	0.157	0.129	0.119	1024683.0	1187630.051026
sub-0223	0.106	0.144	0.122	0.156	0.118	0.14	0.121	0.141	0.126	0.143	0.141	0.157	0.123	0.137	0.105	0.117	0.128	0.151	0.139	0.145	0.118	0.152	0.115	0.127	0.137	0.143	0.132	0.124	0.121	0.136	0.167	0.156	0.145	0.129	1080928.0	1210313.695283
sub-0224	0.108	0.135	0.106	0.161	0.118	0.12	0.13	0.126	0.123	0.141	0.133	0.143	0.128	0.138	0.106	0.102	0.116	0.142	0.118	0.131	0.114	0.142	0.104	0.125	0.132	0.138	0.12	0.127	0.107	0.138	0.193	0.162	0.116	0.111	1140289.0	1302062.100708
sub-0225	0.106	0.12	0.128	0.15	0.149	0.135	0.143	0.125	0.133	0.137	0.125	0.14	0.126	0.136	0.09	0.111	0.123	0.163	0.138	0.112	0.106	0.155	0.103	0.133	0.144	0.146	0.132	0.131	0.102	0.138	0.18	0.154	0.117	0.105	1080245.0	1395821.901545
sub-0226	0.106	0.133	0.11	0.149	0.15	0.126	0.123	0.131	0.13	0.15	0.134	0.135	0.109	0.129	0.081	0.107	0.124	0.152	0.131	0.112	0.112	0.138	0.104	0.126	0.105	0.132	0.115	0.12	0.098	0.125	0.179	0.145	0.092	0.116	1257771.0	1583713.483139
