cardiac_cos_00	cardiac_sin_00	cardiac_cos_01	cardiac_sin_01	cardiac_cos_02	cardiac_sin_02	resp_cos_00	resp_sin_00	resp_cos_01	resp_sin_01	resp_cos_02	resp_sin_02	resp_cos_03	resp_sin_03	interaction_add_cos_00	interaction_add_sin_00	interaction_diff_cos_00	interaction_diff_sin_00	hrv	rvt
-0.9801941031611195	-0.19803918836474768	0.921560959743664	0.38823368925988	-0.8264231337273635	-0.5630495573572937	-0.4262332968542335	-0.9046132746388208	-0.6366503533055416	0.7711525968548176	0.9689564549199008	0.2472314471685558	-0.18935265527185788	-0.9819091464802112	0.23864248545399366	0.971107493605286	0.5969402428408915	-0.8022857012791998	0.007639625379064484	0.004843997509290098
0.2318201502674973	-0.9727586637650444	-0.8925188358599101	-0.451010119216045	-0.6456278515587288	0.7636521965473942	0.5868883531341862	0.809667870768899	-0.3111241219108855	0.9503692865224448	-0.952078600191385	0.30585346010403897	-0.8064035615303607	-0.5913656195207408	0.923663982276454	-0.38320340270566816	-0.6515588898488317	-0.7585980576424896	0.012132749422076315	0.014505880871527044
0.19325591779553536	0.9811483833941762	-0.9253043004740106	0.3792254626528947	-0.5508969814520567	-0.834573253721333	0.3434649673210267	-0.939165489263296	-0.7640636324463322	-0.6451408881577081	-0.868323148419755	0.495998901126206	0.16758646885416728	0.9858573808908624	0.987837339020522	0.15549080885008745	-0.8550840640400444	0.5184893860290304	0.034416640558064926	0.02313439408740581
-0.9182161068802768	-0.3960797660391504	0.6862416378687437	0.7273736415730392	-0.3420201433256888	-0.9396926207859012	-0.9983025701956192	0.05824069316912865	0.9932160433183588	-0.11628366736143116	-0.984757687412863	0.17393187482824973	0.972956217409952	-0.2309896079985377	0.939725459617982	0.3419299058955978	0.8935895393692093	0.4488849909831295	0.06322428286562043	0.024839738558199983
-0.054138908585393115	-0.9985334138511252	-0.9941379571543648	0.10811901842389317	0.16178199655269238	0.986826522541538	0.8005030786651125	-0.5993286419383583	0.2816103579046461	-0.9595288460076732	-0.3496431616918049	-0.9368829486558918	-0.8413912126416342	-0.5404265234881057	-0.6417880378516446	-0.7668820733793011	0.5551113118552914	-0.831776070496319	0.07249113863515265	0.02148372485483796
0.915689231754175	0.40188708718923616	0.6769735383011025	0.7360073562404696	0.3241055266555093	0.946020934013278	-0.8868549657553494	-0.462047908463049	0.5730234605698439	0.8195389640746562	-0.1295224372460124	-0.9915764913761584	-0.3432882272731212	0.9392301065317687	-0.6263924541957976	-0.7795078532808798	-0.9977746303439846	0.06667673538742559	0.0620287067207157	0.007590831990971658
-0.8185014665785848	-0.5745044379364757	0.3398893015825883	0.9404654500138216	0.2621016829391451	-0.9650402622691284	-0.2734950006426833	0.9618734244293574	-0.8504009692469173	-0.5261351456649741	0.7386558279041315	-0.6740827604257966	0.4463636169921929	0.8948516756567242	0.7764566101957685	-0.6301707169357338	-0.3287444919398739	0.9444189001810552	0.06427459984825801	-0.016512426652582683
0.9114032766354654	0.4115143586050641	0.6613118653237253	0.7501110696303946	0.2940403252324444	0.9557930147982868	0.8529541033394947	0.5219859170478821	0.455061404807363	0.8904600596628403	-0.07666111833574445	0.99705720645082	-0.5858382357094986	0.8104280113500408	0.5625804647484455	0.8267425359103178	0.9921898644581164	-0.12473681439969825	0.10769784370138208	-0.04267794858739349
-0.9999726794201788	0.007391915396448758	0.9998907191735434	-0.014783426890068278	-0.9997541237384968	0.02217413060009904	-0.2770328369314972	-0.9608604515025512	-0.846505614523373	0.5323797935500622	0.7460525406711986	0.6658870824381935	0.43314351083918656	-0.9013249685978434	0.28412786739906315	0.958786396945253	0.26992266906846235	-0.9628820035305246	0.16349082936956028	-0.05216579326274207
0.0713391831991918	-0.9974521146102564	-0.9898214418809445	-0.14231483827320468	-0.2125652895528576	0.9771468659711854	0.7251788385211918	0.6885605653543161	0.051768695677889165	0.9986591020702762	-0.6500957133142943	0.7598523300815618	-0.99464000429562	0.10339855828206036	0.7385398579633367	-0.6742098176380217	-0.6350725259364558	-0.7724525142691229	0.1546777567440169	-0.041113940516737564
0.9865969378603952	0.16317623051318347	0.9467470355910168	0.3219783387118176	0.8815185146246122	0.4721494555477293	-0.16824605986963315	-0.9857450295783104	-0.9433865266766877	0.3316954345252514	0.4856881919645365	0.874132129707071	0.7799562774302093	-0.6258340077825831	-0.0051408893007612215	-0.9999867855412876	-0.32684120564815233	0.9450792698448433	0.05097115948578868	-0.023262325033336476
-0.35347484377925825	0.9354440308298668	-0.7501110696304579	-0.6613118653236537	0.883765630088695	-0.4679298142605704	-0.8814236376637176	0.4723265511991246	0.5538152580646815	-0.8326395738461811	-0.09486808105036698	0.9954898528854128	-0.3865773198695005	-0.9222570009289784	-0.13027397029515067	-0.9914780343827786	0.7533961355482067	-0.6575669265869658	-0.08657974409589553	-0.013071603835000056
0.3928150045602968	-0.9196175140743535	-0.691392744384588	-0.7224791159696922	-0.9359938926370726	0.3520162396056468	0.8419895870561178	0.5394937768770537	0.4178929294218637	0.9084962848241116	-0.13826659690094506	0.990395046525088	-0.6507309990784266	0.7593083476680557	0.8268740694294316	-0.5623871205008266	-0.16538178247108914	-0.98622962134925	-0.1479406219513092	-0.014537830975778543
-0.43684008125253704	0.8995391839221218	-0.6183414868225536	-0.7859095403887612	0.977072771943295	-0.21290560896098035	0.5567887783710429	-0.8306541135033773	-0.37997251256016334	-0.924997778212854	-0.9799176405369412	-0.19940265235075044	-0.711241779397433	0.7029474598002138	0.5039782681982747	0.8637163337484522	-0.9904335785664888	0.1379903128773135	-0.08533837994944615	-0.024257066659050364
0.1479382276603044	-0.9889966030258788	-0.956228561593456	-0.29262080922742034	-0.43086374494089985	0.902416995238622	0.0	0.0	0.0	0.0	0.0	0.0	0.0	0.0	0.0	0.0	0.0	0.0	0.05501043815507056	-0.02671637509407432
0.4734867721853425	0.880800929021709	-0.5516205531310112	0.8340951776406798	-0.9958568425315338	-0.09093486230881817	0.8607154168301206	0.5090864084131019	0.4816620575380967	0.8763570404396642	-0.03156749957980773	0.9995016222949707	-0.5360033246563345	0.8442158704723315	-0.04086641699752997	0.9991646190502264	0.8559411459676408	0.5170732584843292	0.15444969189659968	-0.016251552873636332
-0.9413511716856996	-0.3374284688137032	0.7722840568680794	0.6352773689557822	-0.5126298319282045	-0.8586097224101651	-0.07048880836944307	-0.9975125702940568	-0.9900626557893119	0.14062694482713678	0.21006548200479327	0.977687318763056	0.9604481247771708	-0.2784589729421841	-0.27023441686744026	0.9627945574941283	0.4029438615660491	-0.9152246961409208	0.14183797657924518	-0.014099234641640538
0.9238795325112946	-0.38268343236507063	0.7071067811865767	-0.7071067811865184	0.38268343236514535	-0.9238795325112636	-0.9687856344798323	0.2478999685871472	0.8770912111489829	-0.4803238567104598	-0.7306410964994718	0.6827617359709384	0.5385779853495793	-0.8425756664518554	-0.8001740082247627	0.5997679189165736	-0.989908429949008	0.1417085047408569	0.045592010214079104	-0.021005278181429055
-0.3760772495386232	0.926588313319062	-0.7171318047589283	-0.6969375686553296	0.9154711629194364	-0.40238358547899855	0.2346294934370004	-0.9720848732541294	-0.8898980016189931	-0.4561595627787742	-0.6522221280979271	0.7580278989716746	0.5838369065709551	0.8118709666724496	0.8124836685590902	0.5829839520302101	-0.9889612976639452	-0.14817405887281787	-0.06803901105731758	-0.028895274487905742
-0.7245366696519666	-0.6892362543639423	0.049906771340726006	0.9987538806804928	0.6522180978513823	-0.7580313666565024	-0.6523489164371056	0.7579187893325605	-0.14888178244666853	-0.9888550019368376	0.846594655349724	0.5322381887212548	-0.9556684297110056	0.29444499053932044	0.9950358188380372	-0.0995174317861773	-0.04973439610521837	0.9987624791931508	-0.13749192533852905	-0.044253049272861326
0.9960683975457552	0.08858751272403664	0.9843045051787372	0.17647844368319074	0.9648008247951496	0.2629816884777326	0.479333234488162	-0.8776329815561381	-0.5404793006302334	-0.8413573114855862	-0.9974726171781408	0.07105193860683805	-0.4157642511805075	0.909472422583726	0.5551960096876857	-0.8317195385626523	0.3997013638464089	0.9166454165811994	-0.14474879790173525	-0.06673807844302548
-0.7814942337684608	0.6239124638814697	0.22146647482670734	-0.9751679857992834	0.4353446876682608	0.9002638518340189	-0.899533168807108	0.4368524673340449	0.6183198435683143	-0.7859265684843942	-0.21286524763553408	0.9770815658628826	-0.2353611420993108	-0.9719079857629056	0.4304222852591427	-0.90262763992263	0.9755376837533096	-0.21983227146446774	-0.1128502091734186	-0.08612607407693673
0.07473009358651382	-0.9972037971811734	-0.9888308262251015	-0.14904226617635208	-0.22252093395657713	0.9749279121817636	0.9369414213462398	0.3494864417480139	0.7557184540686241	0.654896646945248	0.4791864236390398	0.8777131486995206	0.14222076363974254	0.9898349632083768	0.41852692687674253	-0.9082043886037492	-0.27849148667217105	-0.9604386976018428	-0.06280932994693422	-0.09065733086672688
0.4190792540076781	0.9079496565671292	-0.6487451577207362	0.76100572950136	-0.9628305274850772	-0.2701062297371318	-0.2770328369314972	-0.9608604515025512	-0.846505614523373	0.5323797935500622	0.7460525406711986	0.6658870824381935	0.43314351083918656	-0.9013249685978434	0.7563142023137955	-0.6542085503709402	-0.9885116315875608	0.1511448120713994	-0.018641269176799646	-0.07539599174356748
-0.9533963920549184	-0.3017205985952301	0.8179293607666722	0.5753186602186855	-0.6062254109665434	-0.7952928712734986	-0.36491463758897347	0.9310409804478575	-0.7336746145466163	-0.679500963921225	0.9003718497399898	-0.4351212844665139	0.07655688006025226	0.997065215577918	0.628822540822773	-0.777548848724755	0.06699405694793785	0.997753374503768	0.009540787672544848	-0.05182623055267077
0.98338173889289	-0.18154987086747285	0.934079288776008	-0.3570656554188701	0.8537312916278795	-0.5207138193820022	0.8443951408017931	-0.5357208659276956	0.4260063076193599	-0.90472019203095	-0.12495982859239126	-0.992161801944703	-0.6370372517370386	-0.7708330168715667	0.7331027078441901	-0.6801179454708691	0.9276228159045576	0.37351828792349506	0.020119343858778786	-0.02803860456431773
-0.538350616090648	0.842720958654061	-0.4203572283096392	-0.9073586945678308	0.9909497617679512	0.13423326581753464	0.0	0.0	0.0	0.0	0.0	0.0	0.0	0.0	0.0	0.0	0.0	0.0	0.0061982725683162885	0.0020584087688405588
-0.8660254037844307	-0.5000000000000135	0.4999999999999728	0.8660254037844543	4.7533008284105196e-14	-1.0	0.9758231681116762	-0.2185615349884127	0.9044617108470177	-0.4265548189994877	0.789366216117211	-0.6139226147103528	0.6361019727766286	-0.7716050027246333	-0.9543684206803263	-0.2986317424657659	-0.7358068856919076	-0.6771914256459365	-0.03632512011179534	0.02842267715412472
0.8133397504177778	-0.5817890084818955	0.3230430992193058	-0.9463842539089424	-0.2878521630313475	-0.9576748572653324	-0.6622758934763903	-0.7492600622748078	-0.12278128184009793	0.9924337543784484	0.8249060597420445	-0.5652698405194237	-0.9698495136594047	-0.2437045770079336	-0.9745665786337416	-0.22409815664151025	-0.10274404118185422	0.9947078274556912	-0.09392286914924221	0.02997778672956375
0.4999999999999392	0.8660254037844739	-0.5000000000001217	0.8660254037843683	-1.0	-2.1081990999886498e-13	0.7761603142681343	0.6305356187838964	0.20484966688961773	0.978793448065123	-0.4581679506065976	0.8888656417237366	-0.9160732279504252	0.4010110235797616	-0.15797970672379705	0.9874423589574548	0.934140020991837	0.3569067401736352	-0.1440512415718822	0.012643197552280829
-0.996554351482204	0.0829422964589445	0.9862411509162332	-0.16531301291617628	-0.9691314696305746	0.24654450829755456	-0.19805017581372672	-0.9801918831841812	-0.9215522557203037	0.38825434959163	0.5630773483476113	0.826404198790049	0.6985171200463607	-0.7155933433187722	0.27866713028069884	0.9603877500786442	0.1160683987572715	-0.9932412228708204	-0.1635888029988366	-0.005449631957465395
-0.27696058410418023	-0.9608812803112938	-0.8465856697053425	0.532252481299577	0.7459023072558203	0.6660553640880345	-0.6429815763962977	0.7658816438686411	-0.173149384829864	-0.9848955734152934	0.8656453052162077	0.5006577728919608	-0.9400385810660794	0.3410681253170284	0.9140018874943636	0.4057099329037199	-0.5578407815604731	0.829947987784777	-0.14857357728771547	-0.011853096106300144
0.9999003212681784	0.014119048402558957	0.9996013049444123	0.02823528206743932	0.9991030106398382	0.042345886818101454	0.6357631065367163	-0.7718842350811318	-0.19161054473356784	-0.9814710383637946	-0.8794009368667274	-0.4760819175708338	-0.9265707982938108	0.3761204006022143	0.6465980053528005	-0.7628309245657123	0.6248014636002348	0.780783664713219	-0.11201849964792676	-0.007296912317454106
-0.22055398093697376	0.975374769764347	-0.902711882985706	-0.430245576754022	0.6187473798001919	-0.7855900202970993	0.0	0.0	0.0	0.0	0.0	0.0	0.0	0.0	0.0	0.0	0.0	0.0	-0.0759201409604755	-0.006657613781598236
-0.9904252344860272	-0.13805018976190586	0.9618842902134036	0.27345678313155225	-0.914923712880045	-0.4036268073478183	0.4260441410213517	0.9047023764207645	-0.6369727798027571	0.7708862936843203	-0.9688011826714482	-0.24783919878502506	-0.18853135558069645	-0.9820671707998924	-0.297070533529537	-0.9548555378215472	-0.5468592030154039	0.8372245887916558	-0.04495052398658917	-0.011325116992388027
0.4811206752721765	-0.8766543764937496	-0.5370457916512898	-0.8435530911979634	-0.9978883431348748	0.06495271076355846	0.22217146479473826	-0.9750076103451502	-0.9012796804619208	-0.4332377379527989	-0.6226487183906554	0.7825014846544855	0.6246101248270839	0.7809367400522877	-0.7478534035555346	-0.6638639068291048	0.9616359738920416	0.2743287329404355	-0.021179517051091667	-0.00789651772089106
0.7057926544110636	0.7084184702415549	-0.003713457958769728	0.9999931050912244	-0.7110345171105917	0.7031571058286388	0.0	0.0	0.0	0.0	0.0	0.0	0.0	0.0	0.0	0.0	0.0	0.0	0.0004087306772235788	-0.004211230375644637
-0.8005412409243442	0.5992776665113687	0.2817325568413773	-0.9594929736145128	0.3494641795991755	0.9369497249997328	0.8005030786651125	0.5993286419383582	0.2816103579046465	0.9595288460076734	-0.34964316169180504	0.9368829486558916	-0.8413912126416337	0.5404265234881066	-0.9999999979725738	-6.36777212398611e-05	-0.28167145794408	0.9595109117564304	0.017996884578238004	-0.006088521611980036
-0.4747769396485553	-0.880106162674681	-0.5491737151559041	0.8357082209610371	0.9962469712828504	0.08655617950064198	0.02581987188001298	-0.9996666115341154	-0.9986666684321994	-0.05162252766507512	-0.07739076273952966	0.997000837433246	0.9946702292749372	0.10310739543865924	-0.8920714251846016	0.4518944261319383	0.8675540656779808	-0.4973428828540786	0.023159685595972257	-0.0006718560373359939
0.9385718508739626	-0.34508387494495296	0.7618342385059522	-0.6477720224276872	0.4915004917134129	-0.8708772971236954	0.0	0.0	0.0	0.0	0.0	0.0	0.0	0.0	0.0	0.0	0.0	0.0	0.015398644137034734	0.004483522663297213
0.22355033116276285	0.9746923870827242	-0.9000504988740381	0.4357856118283336	-0.6259635053357652	-0.7798523514023418	0.9386040800353914	0.3449962042413172	0.7619552381181667	0.647629689795247	0.4917445105687074	0.8707395341464302	0.16115156979142425	0.9869296690006638	-0.12643992092381642	0.9919742670033226	0.5460904267690806	0.8377262355872371	0.004489990275895361	0.005050074604956212
-0.9517268763842208	-0.3069461724275678	0.8115680944641317	0.5842578438051631	-0.5930554586506637	-0.8051616129477677	-0.4774420209862705	-0.8786632555174626	-0.5440982331930913	0.8390215209612663	0.9969927411278076	0.07749499428001953	-0.40791422527231297	-0.9130202543320102	0.18469208015400168	0.9827964364650432	0.724096726421664	-0.6896984346694068	0.003353267138772376	0.01664272116034793
0.5000000000000916	-0.8660254037843857	-0.4999999999998168	-0.8660254037845443	-1.0	-3.1735555085307113e-13	-0.946296807553081	0.32329916797735053	0.7909552959703056	-0.6118739410830683	-0.5506601354347246	0.8347295461663082	0.25122056044694774	-0.9679298683317512	-0.19316311128588576	0.9811666588497374	-0.7531336962673681	0.6578674908723272	0.01246145746543792	0.02268582292611354
0.753071466003651	0.6579387259396665	0.13423326581777678	0.9909497617679184	-0.5508969814519494	0.8345732537214035	0.9283066933468348	-0.3718153884489793	0.7235066338250691	-0.6903174275730821	0.41496540837446255	-0.9098371886511428	0.046923698377765145	-0.998898476588363	0.9437130254205864	0.3307653634398912	0.4544495394988192	0.8907724827638712	0.019232065838070026	0.007913130582415717
-0.7159869030249031	0.6981137118670626	0.02527449060638384	-0.9996805490378352	0.6797944945153095	0.7334026487726062	0.0	0.0	0.0	0.0	0.0	0.0	0.0	0.0	0.0	0.0	0.0	0.0	0.014251709531686862	-0.010491373834318085
-0.5285730312628727	-0.8488878315900034	-0.4412211012431564	0.8973984286913902	0.9950081811453488	-0.09979338381788978	0.9559327763719628	0.29358563837114204	0.8276149458844179	0.5612962687821217	0.6263557296004841	0.779537362797092	0.3698929973025363	0.9290743622264828	-0.2560590093476169	-0.9666611524892874	-0.7545015612333078	-0.6562982508711273	0.0011667891464935964	-0.029356318343477624
0.9521413816493436	-0.30565796137329515	0.8131464212982424	-0.582059187308182	0.5963193324669106	-0.802747316237319	-0.4726398275662074	-0.8812556912713732	-0.5532231867963715	0.8330330759284813	0.995590450792337	0.09380647254380278	-0.387888211181734	-0.9217064259438764	-0.7193827564840187	-0.6946138853157594	-0.18065712039877435	0.9835461376311856	-0.015128414497114996	-0.0566483260068692
0.3653410243664231	0.9308737486441933	-0.7330518718297853	0.6801727377709637	-0.9009688679024584	-0.4338837391174764	-0.8051529069067787	0.5930672782236127	0.296542407000872	-0.9550196861060662	0.327628944871008	0.9448064746193848	-0.8241252017002582	-0.5664076729022202	-0.8462261482591491	-0.532823897739661	0.2579153726972972	-0.9661675116285035	-0.02118958533718873	-0.07708083422815981
-0.9995730058628934	-0.02921995808039265	0.9982923880995602	0.05841496265921165	-0.9961592403425537	-0.08756008154488198	0.9069522898509772	-0.4212333604239689	0.6451249121318614	-0.764077121596281	0.26324274274482706	-0.9647296296850122	-0.16762769549371626	-0.9858503718635327	-0.9188734476742264	0.3945523883583533	-0.8942566054069242	-0.4475546041390759	-0.011958548391532986	-0.07988738059050458
0.5226517970132286	-0.852546244539757	-0.4536701981576858	-0.8911696534911666	-0.9968748856501524	-0.07899659714187206	-0.4449223271067003	-0.89556916139512	-0.6040882456839167	0.7969174307458256	0.982467023201685	0.186436445796469	-0.2701547828530558	-0.96281690538836	-0.9960535790666531	-0.08875397246608291	0.5309746714794045	0.8473876906394961	0.008094840286453686	-0.0797733446575909
0.6117242991149933	0.7910710346563514	-0.2515867637445405	0.9678347484506582	-0.91952777255147	0.393025031653878	-0.9268536520106294	0.37542283861608494	0.7181153844908821	-0.6959240580390311	-0.404322081350154	0.9146166708149812	0.03137941088497465	-0.9995075450303073	-0.863965034036025	-0.5035518046468807	-0.2699927672807234	-0.9628623502952522	0.03375544515665685	-0.07543946153959236
-0.8913204635310765	0.4533738317225057	0.5889043374185062	-0.8082027476875282	-0.1584845104755732	0.9873614636693686	0.7775821989471698	-0.6287813005175044	0.2092681522390316	-0.9778582926265244	-0.4521358189718967	-0.8919491023610104	-0.912413680916923	-0.4092691960991341	-0.40800193846802457	0.9129810612528249	-0.9781479135301864	-0.20791021922104508	0.04397377690611115	-0.05354192619326004
-0.14904226617609265	-0.9888308262251408	-0.9555728057861896	0.2947551744107461	0.4338837391173345	0.9009688679025268	-0.7951330070390762	-0.6064350757640892	0.26447299776600697	0.9643930907325404	0.37455058705042815	-0.9272064806396576	-0.8601080669053235	0.5101118634617193	-0.4811532717391952	0.8766364862898806	0.7181701223002251	0.6958675703287801	0.035613244326422766	-0.037886153908171516
0.9981399671598972	0.060963972623504836	0.992566788083921	0.12170115526472396	0.983301195364282	0.1819856016150014	0.9999742825936536	-0.007171760683941927	0.9998971316973844	-0.014343152489716397	0.9997685512794344	-0.021513806558130916	0.9995885479533136	-0.02868335406793125	0.9985515166107692	0.05380398381469985	0.997677078566773	0.06812082576179672	0.022978440895517146	-0.040058113866902396
-1.0	1.2246467991473532e-16	1.0	-2.4492935982947064e-16	-1.0	3.673940397442059e-16	0.0	0.0	0.0	0.0	0.0	0.0	0.0	0.0	0.0	0.0	0.0	0.0	0.03729987188099515	-0.03863698413122163
0.6684260349979442	-0.7437786201128176	-0.10641327147385404	-0.9943219879165056	-0.8106848372428016	-0.5854827876757885	0.20141017376586473	-0.9795069892061028	-0.9188678838072084	-0.39456534580176017	-0.571548854056829	0.8205680394862606	0.6886363757846747	0.7251068486410454	-0.5939085529640117	-0.804532554168067	0.8631641606811395	0.5049233919275518	0.0580993373163603	-0.047150911095592656
0.999906715964522	-0.01365867376593895	0.9996268812619112	-0.02731479925946158	0.999160548100388	-0.04096582868357694	0.20990193855167646	0.9777224433305436	-0.9118823523844964	0.4104516724411256	-0.5927136855448139	-0.8054132398762038	0.6630588491805659	-0.7485672732115286	0.22323674993888265	0.974764255333937	0.19652796616470536	-0.980498219536968	0.03973316861769194	-0.09850221062978737
0.7925207973971427	0.6098448865842833	0.25617842861400536	0.9666295116086921	-0.3864673323549055	0.9223030960711792	0.41386171851314735	-0.9103397596223864	-0.6574369558986887	-0.7535095546963326	-0.9580376952777147	0.28664224117698506	-0.13555329803733127	0.990770055760267	0.8831600666282691	-0.4690717394100302	-0.2271720282918863	0.9738546449864836	-0.052525706838291934	-0.17229435638007773
-0.0627905195294036	0.998026728428266	-0.9921147013144552	-0.1253332335644836	0.18738131458599125	-0.9822872507286378	0.0	0.0	0.0	0.0	0.0	0.0	0.0	0.0	0.0	0.0	0.0	0.0	-0.1846626412209912	-0.21012501530904792
-0.9933617186396037	0.11503258643259642	0.9735350081172544	-0.2285379355164855	-0.9407830989987488	0.33900908636541033	0.9466679759813692	-0.3222107125024522	0.7923605134973242	-0.6100531260884225	0.5535366711387713	-0.8328248037280157	0.25567036669948656	-0.9667640164961406	-0.9033189959664814	0.4289694529055743	-0.9774484592373748	-0.2111741213654792	-0.2560506642897797	-0.1827082488405144
0.6796402074735046	-0.7335456280187155	-0.07617837677074325	-0.997094205635844	-0.7831879830604307	-0.6217849975592326	-0.8785534205519578	-0.477644101017122	0.5437122255270906	0.8392717175101149	-0.07680705051352825	-0.997045975364934	-0.40875403162475615	0.9126445866987366	-0.947473971070529	0.319832884713005	-0.2467264869704503	0.9690851565405488	-0.19321186465012846	-0.10126617277528004
-0.3012461895373512	0.9535463980788907	-0.8185014665784525	-0.574504437936664	0.7943870854123358	-0.6074118524774554	0.294904546363847	-0.9555267178545734	-0.8260626170678672	-0.5635783465348773	-0.7821237890729102	0.6231230846038636	0.3647588946340277	0.9311020077227642	0.8223001892090229	0.5690539507171575	-0.999977930947723	-0.006643614792486334	-0.0058973089940594905	-0.003072823905925559
0.1040166750555428	-0.9945755533444351	-0.9783610626207792	-0.2069048843008296	-0.3075484045307851	0.9515324371089872	-0.869554595362173	0.4938368209080077	0.5122503886309449	-0.858836153959209	-0.021304763458021046	0.999773027768802	-0.4751990786948922	-0.8798783072718213	0.40070985162759737	0.9162050069763802	-0.5816062072052797	0.813470478714679	0.20861522009657552	0.0771065478013413
0.7368256463882978	0.676082810626381	0.0858240663510659	0.9963103079036008	-0.6103509000587052	0.7921311626224083	0.5198977201043893	-0.8542285178043743	-0.4594127212605162	-0.8882229177092917	-0.9975929728449806	-0.06934162191868438	-0.5778799030880144	0.8161218154215627	0.960603190906108	-0.2779235679481025	-0.19445524356267008	0.9809113916409488	0.3207375375409857	0.13205690670039805
-0.5570671168375054	0.8304674751839165	-0.3793524546766981	-0.925252244056054	0.9797166732214628	0.200387724703559	-0.9957901669283732	0.09166211566815881	0.983196113102474	-0.1825524669244074	-0.9623238762509077	0.27190578735552423	0.9333491936396264	-0.3589697518346907	0.4785995514969748	-0.8780332962404642	0.630844363034879	-0.7759093952434895	0.26655520288840306	0.17199983781464367
-0.9942779468163708	0.10682398829205876	0.977177271050756	-0.21242547149952848	-0.9488936746555696	0.3155959350160423	0.7979772002456013	-0.6026876370792681	0.2735352242236169	-0.9618619865183028	-0.3614274554565721	-0.932400232969827	-0.8503569622178712	-0.526206268308915	-0.7290296351793478	0.684482133463151	-0.8577926293535968	-0.5139959192704188	0.06647590743304176	0.19969506914937474
-0.919713342799138	-0.39259058454990386	0.6917452658455296	0.7221415977357194	-0.3527013588334021	-0.9357359411057544	-0.4056603147576064	-0.9140239105355834	-0.6708794180615194	0.7415664544876858	0.949958626548078	0.3123757478532693	-0.09984161284287428	-0.9950033428812858	0.014254022796915154	0.999898406256408	0.7319283854564222	-0.6813815660576348	-0.17733020792730214	0.20445159709345084
-0.6494480483301504	-0.7604059656000594	-0.1564344650403174	0.987688340595124	0.852640164354161	-0.5224985647158368	0.9152495968328196	0.4028872987540821	0.6753636490052781	0.7374848755074747	0.3210030181024257	0.947078171202955	-0.08776788320455113	0.9961409532178628	-0.2880491589609344	-0.95761562331757	-0.9007649698351292	-0.4343068835718805	-0.3534084277516786	0.1887446270028078
0.18102012014558547	-0.9834793928204484	-0.9344634322049556	-0.35605911569813004	-0.51933348568438	0.8545716650152355	-0.39146987080840895	-0.9201909259763692	-0.6935026804984951	0.720454045822079	0.9344406802884716	0.35611882149363944	-0.0381080642828044	-0.9992736239071948	-0.9758527362052406	0.2184294788730336	0.8341248901110107	0.5515756228272733	-0.3964487991173741	0.16885967256187814
0.9876883405951292	-0.15643446504028546	0.9510565162951194	-0.30901699437505264	0.8910065241882922	-0.4539904997396954	-0.5132197665366303	0.8582572290613618	-0.4732109424721734	-0.8809491494544947	0.9989421853729256	0.045983804565995774	-0.5521428078491948	0.8337495545668419	-0.3726401690760121	0.927975918001648	-0.6411621900663558	-0.7674053987491318	-0.30667439845031413	0.15495031621159985
0.7809470505015474	0.6245972336737756	0.21975659137413375	0.975554734777922	-0.4377105267777405	0.8991159517815002	0.3345343793750024	-0.9423835466603722	-0.7761734980323638	-0.6305193898304825	-0.8538478182781654	0.5205227211386809	0.20489059809559207	0.9787848807639145	0.8498637931680239	-0.5270024032792054	-0.3273565194394761	0.9449008991320051	-0.15218415809622554	0.15179955864551642
-0.29393725559458284	0.9558247170760572	-0.8272017795470498	-0.5619049883336098	0.7802280974006126	-0.6254950967246826	-0.9996311647744982	0.02715758478915123	0.99852493117684	-0.054295136230482884	-0.9966821152428624	0.08139263575418365	0.9941040763634263	-0.10843009433556017	0.2678709503830732	-0.9634548011924946	0.3197867319781917	-0.947489549309494	-0.000618601383873485	0.16696874085943092
-0.9948693233918852	-0.10116832198753012	0.9795299412524548	0.20129852008885293	-0.9541392563999604	-0.2993631229736393	0.8676066534370845	-0.4972511386731082	0.5054826101765948	-0.8628367926839101	0.009513498134831835	-0.9999547456526412	-0.4889746616181135	-0.8722979882445283	-0.9134613075811968	0.4069255946141136	-0.812849180969303	-0.582474213161006	0.09599050411091657	0.19227032069531125
-0.4686133778809823	-0.8834033631761744	-0.5608030041419514	0.8279492680988144	0.9942129580745068	0.1074271567004294	-0.6337758591638732	-0.7735167485847312	-0.19665632068218855	0.9804724838238676	0.8830479163645941	-0.469282833059285	-0.9226525830714885	-0.3856322223978569	-0.3863314509906456	0.9223600218870408	0.9803231433550552	0.1973994290834296	0.1250473331285496	0.19620636719207707
0.38583603544321	-0.9225673708480404	-0.702261107506932	-0.7119194735945472	-0.9277513185760754	0.3731989963549655	0.8431270220650298	0.5377144452809081	0.42172635067249054	0.9067231579420828	-0.13198925772733092	0.991251146705308	-0.644293770296927	0.7647780969383019	0.821386589618431	-0.5703718702697417	-0.17076901448120949	-0.9853110898052028	0.1075537369212487	0.17534730405669674
0.9969805343919734	0.07765187726961316	0.9879403719130098	0.15483482019359776	0.9729341054825016	0.2310827262885833	-0.4726398275662074	-0.8812556912713732	-0.5532231867963715	0.8330330759284813	0.995590450792337	0.09380647254380278	-0.387888211181734	-0.9217064259438764	-0.4027815490801352	-0.9152961399026036	-0.5396438666436401	0.8418934001367994	0.06074944074378175	0.15660168430716825
0.8924507746904704	0.4511447824749604	0.5929367704912414	0.8052490212346842	0.16588298564427764	0.9861454431643136	0.03808717035982676	0.9992744204941812	-0.9970987349079632	0.07611907017915806	-0.11404050912384142	-0.9934761005070906	0.9884117743101208	-0.15179645715601794	-0.4168265163732439	0.9089860588854736	0.4848083657600347	-0.874620402511332	0.011773197845826313	0.13884657370666176
-0.14826364771193695	0.9889478706014544	-0.9560357815343012	-0.29325003738464844	0.43175435233875264	-0.9019912301328346	0.6894092121079438	-0.7243720993113306	-0.04942987652140831	-0.9987775965184033	-0.7575640365623779	-0.6527608524623058	-0.9951133746141566	0.0987389065365073	0.6141519205837092	0.7891878220318288	-0.8185805696903818	0.5743917225425258	-0.013803017505805149	0.11298177525838506
-0.9796174019627955	0.20087246145667348	0.9193005084566744	-0.3935563176361165	-0.821508149472013	0.5701967733608012	-0.7076610000721516	-0.7065521275722565	0.0015681820462355516	0.9999987704017788	0.7054415175218828	-0.7087681322946335	-0.9999950816101396	0.0031363602360033947	0.8351638953739635	0.5500011526022353	0.5513101653481861	-0.8343003665250038	-0.014004591931152888	0.08356824924948457
-0.8090169943749475	-0.587785252292473	0.3090169943749477	0.9510565162951536	0.309016994374947	-0.9510565162951536	0.9483459523428226	0.31723800950545755	0.7987200906500304	0.601702764487589	0.5665799777028749	0.8240067529251262	0.27590756641598574	0.961184173191802	-0.58076016853811	-0.8140747058099682	-0.9536958154459648	-0.3007728239067753	0.011646283082020427	0.05941311220402967
0.4552286357318506	-0.8903745780342778	-0.5855337784194362	-0.8106480088977326	-0.9883321219814418	0.15231420373576587	-0.517895847357888	-0.8554436809571131	-0.4635677825789103	0.8860614600324698	0.998055506490932	-0.062331420352253634	-0.5702098219097442	-0.8214990925117677	-0.9974263265082008	0.0716988367294452	0.5259042864203568	0.8505437563845234	0.04604661784018282	0.05079973200867649
0.9952273999818398	-0.09758289975906144	0.980955155349226	-0.19423435121979848	0.957319497532144	-0.2890317969442168	-0.597251142532213	0.8020542829160419	-0.2865821454879325	-0.9580556736889216	0.939574170176214	0.342345408524313	-0.835741347775067	0.5491233009253154	-0.5161339190273954	0.8565078970035374	-0.6726674844096397	-0.7399449002581254	0.06228889290180695	0.04177987140983197
0.9005702746606447	0.4347104558181815	0.6220536392046978	0.7829746291880675	0.21983575876381187	0.9755368979022468	0.8665650501444733	0.4990641380304806	0.5018699722637869	0.8649430795953834	0.003240905217074616	0.9999947482528964	-0.4962530618798914	0.868177918732579	0.5634543262941856	0.826147215803797	0.9973511241456616	-0.07273743991497841	0.04377794990755046	0.01743241113757099
0.7459411454243842	0.6660118674340254	0.11285638487408435	0.99361131051994	-0.577572703421525	0.8163392507177093	0.01264966964580412	-0.9999199897281043	-0.999679971715704	-0.025297315084592733	-0.03794091243326416	0.9992799843706124	0.9987200916990217	0.050578438456497836	0.6753944887082576	-0.7374566323672946	-0.6565226705785949	0.7543062925737459	-0.013023163251245196	-0.00905425160154505
0.6038889819227653	0.7970684396664355	-0.2706361950245721	0.9626816971058616	-0.9307574144924448	0.36563730029544184	-0.7611285958828105	0.6486010025658775	0.15863347894107704	-0.9873375407422988	0.5196476417099557	0.8543806695292686	-0.9496708387181017	-0.3132495779541565	-0.976616561961244	-0.21498858319222405	0.057342216201295614	-0.9983545814194092	-0.0810400715260533	-0.025217734302613315
-0.04132497424858343	0.9991457583873103	-0.9965844930067078	-0.08257934547187393	0.12369263126866252	-0.9923205797371304	0.9141510954748436	-0.4053736235155704	0.6713444507157131	-0.7411454840267309	0.3132694346506091	-0.9496642887429682	-0.0985932569864347	-0.9951278157487142	0.367250066017864	0.9301222441216392	-0.4428046069774893	0.8966181350159672	-0.11105630274787803	-0.025269414457769868
-0.9987900618072908	0.04917735693373894	0.9951631751300234	-0.09823571074273663	-0.9891281165856204	0.1470563462751036	-0.6292526827258628	-0.7772007856933139	-0.20808212256460945	0.9781113588283324	0.8911251504280074	-0.4537576074014202	-0.9134036605380136	-0.4070549752991075	0.6667120063193901	0.7453154369993777	0.5902706454249455	-0.8072054045592226	-0.06543871772576348	-0.01039143952125976
-0.29134966044700833	-0.9566166292498856	-0.8302307507148259	0.5574198602198317	0.7751245550738675	0.6318084552469512	-0.17374655815467882	0.9847904008109556	-0.9396242670588056	-0.3422078852893404	0.5002595228748394	-0.8658755163261277	0.7657875264915954	0.6430936667934806	0.9926878744636224	-0.12070950208204735	-0.8914458730192182	0.4531271956934431	0.0431764486342906	0.013886240391567271
0.833823263999739	-0.5520314886062402	0.3905224711743569	-0.92059339532058	-0.18256982084004475	-0.983192890799376	0.5432207766597328	-0.8395898926292505	-0.40982237561039336	-0.9121653470994464	-0.988468835002962	-0.1514244439576615	-0.6640912408981074	0.7476515389955483	-0.010529937179986995	-0.9999445586746224	0.9164301793137704	0.4001946107120019	0.15497672950206054	0.04296400800316048
0.9208791303914996	0.38984821047350654	0.696036745581209	0.7180061620910501	0.3610522955912069	0.932545569850782	0.0	0.0	0.0	0.0	0.0	0.0	0.0	0.0	0.0	0.0	0.0	0.0	0.2073869596649764	0.0674730081066357
-0.014279481289573275	0.9998980430094364	-0.9995921928282014	-0.028556050793268364	0.04282679731896093	-0.9990825118234232	0.7845801460057918	0.6200274143080532	0.23113201101293945	0.972922398490812	-0.4218969721115032	0.9066437806124	-0.893155986970229	0.4497470210454277	-0.6311675956938838	0.7756464827136147	0.608760800663763	0.7933538224368835	0.1884308119034709	0.07830147773071405
-0.9999750800065428	-0.0070597001287611046	0.999900321268184	0.014119048402160175	-0.9997757275108976	-0.021177692982372084	-0.29815943789205174	-0.954516081371024	-0.8222018991917914	0.569195956561017	0.7884539500856557	0.6150937884537011	0.3520319260691775	-0.9359879929935132	0.2914134104582512	0.9565972110585996	0.3048906050633699	-0.952387378614444	0.13341744357238344	0.07460113333421815
-0.06887183419787474	-0.9976255161403103	-0.9905133409084408	0.13741659827836933	0.20530877536953296	0.9786972497949826	-0.9534376205515516	0.3015902911517472	0.8180865925660088	-0.575095059154343	-0.606551447890972	0.7950442384303942	0.3385313458725255	-0.9409551146902474	0.3665391675938105	0.9304026217824392	-0.2352091721525256	0.9719447748382228	0.08972208324558338	0.057873671477250636
0.8737180379091238	-0.486432719121803	0.5267664195355383	-0.8500100818518032	0.04677260711688405	-0.9989055627152597	0.4722528304384237	-0.8814631382779982	-0.553954528285795	-0.8325469239578406	-0.9954660182727204	0.09511785565421252	-0.3862687611833249	0.9223862770737103	-0.01615669475051573	-0.9998694720886016	0.8413883275658942	0.5404310152423412	0.06319964675767065	0.03475840078580505
0.9270182420760072	0.3750162381261765	0.7187256422833818	0.695293787635371	0.40552532081297227	0.9140838113540442	0.0	0.0	0.0	0.0	0.0	0.0	0.0	0.0	0.0	0.0	0.0	0.0	0.031578798599202984	0.0065320882736253924
0.7149165876699566	0.6992097486980178	0.022211454651309318	0.9997532952095096	-0.6831579129369562	0.7302706799479368	0.863818095217101	-0.5038038292584718	0.4923634032490012	-0.8703897283062693	-0.013193260918777759	-0.9999129651456315	-0.5151565582821228	-0.8570960975636966	0.9698224338490866	0.24381231880902585	0.26529333615125605	0.9641677477460738	-0.026983448041620558	-0.023748349408880928
0.0793194807321583	0.996849246363953	-0.9874168399527616	0.15813912917966416	-0.2359622627546417	-0.9717622191440196	-0.8249887859013686	-0.5651490981475469	0.3612129937260288	0.9324833366679964	0.2289954476096979	-0.9734274934344284	-0.7390503463269597	0.6736501952749667	0.4979307704640999	-0.8672167824858026	-0.6288061346792001	-0.7775621164831809	-0.08781455327922505	-0.052098345118244176
-0.922142776925915	0.3868497110808822	0.700694602073276	-0.7134613336582252	-0.3701381553397836	0.9289767198168436	0.517931620024289	0.8554220227344019	-0.4634936739580312	0.8861002280785658	-0.9980476788724743	0.062456630530844985	-0.5703472284017724	-0.8214037004143677	-0.808526664693963	-0.5884595419218352	-0.14668713999990846	0.989182937053934	-0.10115535366619766	-0.07749273871271056
-0.2823414568430904	-0.9593139745399945	-0.8405666034954427	0.5417082102831149	0.7569950556521942	0.6534206039895982	0.3561188214936397	-0.9344406802884714	-0.7463587699559624	-0.6655438276400908	-0.8877036326299594	0.460415313185361	0.11410282698035422	0.9934689450984826	-0.9969691098491484	-0.07779841904946772	0.795874896109631	-0.6054611050616578	-0.04432966323451826	-0.0923810046799688
0.8833961657062301	-0.4686269458914318	0.5607775711689382	-0.8279664942942235	0.10738134666315502	-0.9942179068940608	-0.9769299910471771	0.2135598103402462	0.908784414814876	-0.4172659672074672	-0.7987075094106446	0.6017194648763201	0.6517782252208337	-0.7584096156616029	-0.7629363265695956	0.646473635657705	-0.9630960899394012	0.2691578004506593	0.05207111333104497	-0.08727250030088995
0.9725710390495834	0.2326060489368531	0.8917888519959725	0.4524518134074669	0.7620849817475331	0.6474770116342835	0.971383952885746	0.2375146649705292	0.8871735678478746	0.4614358682548125	0.752188381577892	0.6589481304467231	0.5741538789758546	0.8187474111452077	0.8894925525908262	0.4569496677813169	0.9999872481575368	-0.005050101218485604	0.11758208639510742	-0.07163512794759608
0.3670490997933066	0.930201568661827	-0.7305499166818465	0.6828592968072903	-0.9033444783376002	-0.4289157883046145	-0.3014507392471813	-0.9534817522151788	-0.8182549036146558	0.5748555581279269	0.794777830421719	0.6069004862991505	0.3390821745788593	-0.9407567586166322	0.7762829991282819	-0.6303845693419216	-0.9975774440736914	0.06956466829793084	0.10502057216210536	-0.059011218172429276
-0.1681389946445998	0.9857632973893394	-0.9434585569598064	-0.3314904995611784	0.4854033411567336	-0.8742903387284339	-0.09782336006628727	0.9952037933133804	-0.980861180450683	-0.1947083580252595	0.28972563292682896	-0.9571097416833394	0.9241773106302148	0.3819637397925405	-0.9645874514566742	-0.26376324325485184	0.9974832942852788	0.07090188729355591	0.03509421805109913	-0.044240797044324924
-0.9790548246599085	0.2035967836439372	0.9170966993796876	-0.3986648266236724	-0.8167210717548139	0.5770326602122867	0.64408586579036	-0.764953199541699	-0.17030679497816475	-0.9853910876318424	-0.8634702647773459	-0.5043997440972189	-0.9419911911685308	0.3356375958692539	-0.4748533633324781	0.8800649313157713	-0.7863373854621349	-0.6177973099848961	-0.03398297997643551	-0.03148622389860456
-0.7930141249560378	-0.6092032482022804	0.2577428047595812	0.9662135615870148	0.38422675539576984	-0.9232387559228864	-0.8943284108349342	-0.4474111013078028	0.599646612853078	0.8002649184450302	-0.17823359383595433	-0.9839882042119814	-0.28084787938766165	0.959752295461414	0.4366507659431168	0.8996310958394499	0.9817793583400624	0.19002444984100106	-0.06426901892719994	-0.04135719281150163
-0.4305110968083585	-0.9025852843498304	-0.6293203910497284	0.7771459614570592	0.9723699203977256	0.2334453638557007	0.5695053633089197	0.8219876161855331	-0.3513272823247509	0.9362527119823496	-0.9696709064303048	0.2444142655874056	-0.7531382813886096	-0.6578622417398733	0.496735547690493	-0.8679019504878565	-0.9870923048832244	-0.16015237007401278	-0.05201061966115783	-0.06368379449066519
0.5058395099566229	-0.8626276080481331	-0.4882527803336872	-0.8727022530602428	-0.9997946042345248	-0.02026695200393471	0.09986241744794977	-0.9950012550652644	-0.9800549951629028	-0.1987264613891228	-0.29560373954576213	0.9553106453748756	0.9210155870875149	0.3895257223109151	-0.8078011963568849	-0.5894550255654672	0.908829908966794	0.417166868971409	-0.020760639044654416	-0.07357737397579778
0.9475717517296672	0.3195430727209864	0.7957844493520608	0.6055799783426111	0.5605539776138547	0.8281178890600579	-0.9793889047789964	0.20198359635326307	0.9184052536084042	-0.3956409864314904	-0.8195629261706266	0.5729891884203749	0.6869364197110344	-0.7267175209629843	-0.9925837191439912	-0.12156298980480244	-0.863498801108077	-0.5043508902390416	0.026124346022045164	-0.07334952580488174
-0.6834812022631465	0.729968113106952	-0.0657068923058477	-0.9978389671202	0.7733000537634982	0.6340402407177093	0.986226391949118	-0.1654010393650064	0.9452849923539512	-0.32624574055516853	0.8783036227966563	-0.4781032798279769	0.7871274335392192	-0.6167904047324034	-0.5533297154618267	0.832962319668143	-0.7948046846842307	0.6068653171866065	0.10099974697836596	-0.07017924723618374
-0.003785042352255057	-0.9999928367015392	-0.9999713469087832	0.007570030477734003	0.011354910150437615	0.9999355309296074	-0.9639493503018366	-0.2660857945337689	0.8583966998946658	0.512986457530749	-0.6909525320275709	-0.7229001303670437	0.4736897887801061	0.8806917644701002	-0.2624352993654853	0.9649495912465832	0.2697324775981277	0.9629352992432958	0.19730816603093296	-0.06567063087304792
0.971217882451571	0.23819283113957554	0.8865283503874272	0.4626742741490464	0.750806491941552	0.6605222264681334	0.44724279694698144	0.894412589680535	-0.5999477611580822	0.8000391764666307	-0.983887426391822	-0.17878907178034387	-0.28012536776280933	-0.959963425519822	0.22132753524967916	0.9751995293991388	0.6474128691354514	-0.7621394733759714	0.27547617829183124	-0.060598570076964335
-0.593418886603617	0.8048937973559763	-0.2957080500442471	-0.9552783621222816	0.9443763702375844	0.3288666467382865	0.494182232446264	-0.8693583387386506	-0.5115678422688534	-0.8592428892672835	-0.9997977091265444	0.020113200275282395	-0.4765966855127789	0.8791220616946394	0.4064840643728845	0.9136578710933873	-0.9929982046879876	-0.1181294437743331	0.28922447829787934	-0.056197053089642734
-0.391780401558588	-0.920058757338134	-0.693016233909183	0.7209219788148594	0.9348007583737082	0.3551725526331391	0.36551804505969343	0.9308042537159678	-0.7327931174714798	0.6804515023030149	-0.9012162605224406	-0.4333696479565089	0.07397150602714016	-0.9972603553215564	0.713191798528566	-0.7009689426155694	-0.9995974114693594	0.02837278597099812	0.2452446992732429	-0.03973534835438775
0.2432058429840172	0.969974699638312	-0.881701835876867	0.4718070289974091	-0.6720759194939953	-0.7404822472121131	-0.9987961293980724	-0.04905396925253671	0.9951874162011424	0.09798982924209143	-0.9891825492566666	-0.14668975508222215	0.9807959867302116	0.19503648995485626	-0.19533194552763566	-0.9807371875565792	-0.29049416371122805	-0.9568767636690289	0.18343658119154024	-0.051274684526677605
-0.977574720971485	0.21058885278552453	0.9113046701649532	-0.4117326780030285	-0.8041620963415461	0.5944100628417809	0.5470946339359474	-0.8370707625514654	-0.40137492303698347	-0.9159138448331564	-0.9862747671159224	-0.1651123367602584	-0.6777963423141112	0.7352496979568317	-0.3585481125289127	0.9335112484603248	-0.7111036557009478	-0.7030871858089494	0.11710387885857733	-0.1284921906255676
-0.15456496044612725	-0.987982627884867	-0.9522193460045743	0.3054149916009706	0.4489244515485956	0.8935697156919502	0.4389953854277248	0.8984893163377978	-0.6145661031463268	0.788865327456809	-0.978578752070798	-0.2058728393828574	-0.24461700972707706	-0.969619780404764	0.8198385314972264	-0.5725947801652328	-0.9555451402665636	-0.29484484888319384	0.06566607386500611	-0.21194463923148252
0.1950903220164112	0.980785280403174	-0.923879532511066	0.3826834323656229	-0.5555702330203215	-0.8314696123020646	0.30633119219110505	0.9519249974082916	-0.8123224013815525	0.5832086386651933	-0.8040105715086098	-0.5946150022513716	0.31973536757258414	-0.9475068837339516	-0.8738717745776483	0.4861564785092466	0.993396276434116	0.11473376994953655	0.033816031249970235	-0.26051163874113253
-0.2653275514625945	-0.9641583326585236	-0.8592025808697283	0.5116355392530874	0.7212677854476077	0.6926563229159926	-0.12226249261123495	-0.9924977999474294	-0.9701037658009753	0.2426905098654791	0.3594771016079809	0.9331539066089396	0.8822026328424675	-0.4708699550893201	-0.9244854161643136	0.3812174121147876	0.989364631764819	-0.14545661006934008	0.030495018116626582	-0.23769618444793905
0.8792793656576599	0.4763064109674182	0.546264405742674	0.8376127977882163	0.08135867466789394	0.9966848880445032	0.03317665647698137	0.9994495032091458	-0.9977986189300168	0.06631678566811905	-0.09938390050387703	-0.9950491647756082	0.9912041678772976	-0.13234159430305426	-0.4468726563549951	0.894597579363051	0.5052157552784396	-0.8629930710141512	0.05645529850011455	-0.15389168396109465
-0.9645097601136036	0.26404719776130653	0.8605581547088029	-0.5093521987428542	-0.6955237186103818	0.7185031362843076	-0.05402371684601286	-0.9985396527019554	-0.9941628760362836	0.10788964691417294	0.16144046427361686	0.9868824532309401	0.97671964817747	-0.21451976334146666	0.3157679993250924	0.9488364298456444	-0.2115551949739065	-0.9773660519373244	0.06089251893439863	-0.05071694919155012
-0.18332308503818567	-0.983052718063524	-0.9327852929841643	0.36043251406115784	0.5253252402143954	0.8509015172120024	-0.018775270806765262	0.9998237290673456	-0.9992949784122652	-0.03754392254453862	0.05629933847782756	-0.9984139344415016	0.9971809077599394	0.07503490653731297	0.9863213750107857	-0.16483368950804	-0.9794374938773388	0.2017478515059782	0.01441121544354884	0.04883033936128012
0.6303123475347996	0.7763416416405667	-0.20541268909034016	0.9786754452629712	-0.8892606560827357	0.4574007931161708	0.5905053635414091	-0.8070337140595975	-0.3026068312576565	-0.9531154734218724	-0.9478872773452423	-0.31860588420025093	-0.8168582113524003	0.576838506469668	0.9987367003579875	-0.05024941151933623	-0.2543310565066355	0.9671172181779306	-0.046860412920722176	0.13322448306373202
-0.8660254037844739	-0.499999999999939	0.500000000000122	0.8660254037843682	-2.1181509026833137e-13	-1.0	0.0	0.0	0.0	0.0	0.0	0.0	0.0	0.0	0.0	0.0	0.0	0.0	-0.08987831286892634	0.19708588835537064
0.7160687837026489	-0.6980297250164988	0.025509005986782	-0.9996745923617176	-0.6795363779218111	-0.7336418138852947	0.16445239200350886	0.9863850215632454	-0.9459108215286484	0.32442675246501673	-0.4755669864482895	-0.879679510617641	0.7894945645700054	-0.6137575519001109	0.8062852896811294	0.5915268646847893	-0.5707668410432415	-0.8211121806218192	-0.09306655121390672	0.24400157699324904
0.3628077053508936	0.931864029211354	-0.7367411378760382	0.676174900274419	-0.897398428691717	-0.44122110124249186	0.490469537554855	-0.8714583367727494	-0.5188792654614534	-0.8548475348705069	-0.9994584843102188	0.03290498655705878	-0.4615286157483651	0.8871253219502856	0.99002680445967	0.14087911999786898	-0.6341345495300883	0.7732227189447242	-0.07890011337393765	0.2842981708387095
-0.9913652086070154	0.13112979510229122	0.9656099536728624	-0.25999503335235624	-0.9231790177047994	0.3843702658500027	-0.6015524491522564	-0.7988333060901517	-0.2762693018378439	0.9610802634858496	0.933933399444534	-0.3574470665734668	-0.8473505457240607	-0.5310339468067335	0.7011090169903752	0.7130540977336781	0.4916073214934002	-0.8708169965349118	-0.08425545825497971	0.3006685449331689
0.4166726796536256	-0.9090565868141912	-0.6527677560605343	-0.7575580879692957	-0.9606536598720798	0.2777490697993036	-0.3496235722337533	0.9368902591758062	-0.7555267154770189	-0.6551178384081049	0.877923470599973	-0.4788009813792138	0.14164123559898453	0.9899180574057596	0.7060076705131108	0.7082041860767633	-0.9973648519385324	-0.0725489635875623	-0.09858410202004385	0.2924190244109731
0.4572423233048004	0.8893421488824355	-0.5818589155576569	0.8132897407357771	-0.9893433680751896	-0.14560116773446502	0.6822727175900215	-0.7310977628418286	-0.06900787766465344	-0.9976161149561588	-0.7764371020487872	-0.6301947528836472	-0.9904758256404405	0.13768674163436292	0.9621600179672348	0.27248504514062905	-0.3382320929305517	0.9410627244301086	-0.09546758943065704	0.2842608530256888
-0.9102070542142012	-0.414153496253148	0.6569537630825873	0.75393086763418	-0.28572084468647163	-0.9583128919677796	-0.8151419264436829	-0.5792612879812369	0.3289127204926369	0.944360324398549	0.2789208292152823	-0.9603141001931916	-0.783632844596265	0.6212242468464718	0.5020448439732631	0.864841589332903	0.9818510192963243	-0.1896538317745481	-0.056670345914896614	0.2656236007786173
0.8258466092936496	-0.5638948287741093	0.3640452441636359	-0.9313812646826426	-0.22455554824961566	-0.9744612900214736	0.07935017291295422	0.9968468037059076	-0.9874071001173684	0.158199932483579	-0.2360520211725376	-0.9717404197111283	0.949945562724382	-0.3124154731447485	0.6276478289367886	0.77849740065779	-0.4965856864427333	-0.867987704993682	-0.005318746059066459	0.2264794914397158
0.2535832989975487	0.9673135533370344	-0.8713910209390398	0.4905891240404929	-0.6955237186106761	-0.7185031362840228	0.9359879929935137	-0.3520319260691767	0.7521470460560514	-0.6589953119022594	0.4720132151544933	-0.8815914726898838	0.13145035778168787	-0.9913227544241412	0.5778761763794455	0.8161244542182717	-0.1031743302086654	0.994663288548438	0.018672328616779144	0.17752945144986698
-0.9999750800065428	-0.0070597001287611046	0.999900321268184	0.014119048402160175	-0.9997757275108976	-0.021177692982372084	-0.4640123661897794	-0.8858287216064752	-0.569385048045924	0.8220709623029758	0.9924157730235202	0.12292653681825033	-0.3516013341234816	-0.9361498287360775	0.4577471178646641	0.8890824349218654	0.4702544881446356	-0.882530858599192	-0.00856536268659158	0.13410748418119578
-0.21256528955298584	-0.9771468659711576	-0.9096319953545104	0.4154150130019035	0.5992776665113687	0.8005412409243442	-0.46019256565973	0.8878191271376819	-0.5764456050230302	-0.8171355239185437	0.9907445295373772	-0.13573974065011726	-0.33542092889926534	0.9420683629420714	0.9653506436014264	0.26095619344693083	-0.7697087116622424	0.6383952531083318	-0.0740712098120756	0.09119900966902304
0.993331196731475	-0.11529585248401425	0.9734137327999688	-0.22905393425224296	0.9405132595026156	-0.339756984769652	0.9979297246511584	-0.0643137983457921	0.9917274706846736	-0.1283613021489729	0.9814189188475336	-0.1918773194729852	0.96704675222124	-0.2545988590279841	0.9838596134348836	-0.17894206059996534	0.9986898418484098	-0.051172256045620486	-0.12718957087208171	0.04708214573238556
-0.6268100758711808	0.7791720790597958	-0.21421825757272928	-0.9767858199843524	0.8953584004354901	0.4453463088087747	-0.6919494765191703	-0.7219459272998541	-0.0424118438896924	0.999100212940562	0.7506431828745411	-0.6607078113689728	-0.9964024709957529	-0.08474736452278708	0.9962410130189844	-0.08662473075806736	-0.12879920526697455	-0.9916706936894906	-0.12801370907591525	0.022968975633749444
-0.4160319964415024	-0.9093499754972768	-0.6538347558737954	0.7566373715403266	0.9600643540995372	0.27977926296893096	-0.17374655815467882	0.9847904008109556	-0.9396242670588056	-0.3422078852893404	0.5002595228748394	-0.8658755163261277	0.7657875264915954	0.6430936667934806	0.9678032543113264	-0.2517078881251161	-0.8232349993834654	0.5677007449265024	-0.07503401936912268	0.0008080726840775654
0.9853538358476504	-0.17052219263286916	0.9418443636393572	-0.3360493932158992	0.8707460771194102	-0.4917329246462535	0.9334242305899324	-0.3587745890494372	0.7425615885048149	-0.6697777894773803	0.4528257282415573	-0.8915990465688618	0.10279542544558813	-0.994702518599134	0.8585741164992648	-0.5126894639813724	0.9809321756705984	0.19435037106768327	-0.0057916525585404175	-0.03435273190003385
-0.18624873291139327	0.9825026256905884	-0.9306228189778007	-0.365979738233978	0.5329033746174822	-0.8461761006559446	-0.9985135567239412	-0.05450391764363974	0.9940586459229906	0.10884580132347896	-0.9866485115415594	-0.16286409878430916	0.9763051830684994	0.21639821975604076	0.2395221269299821	-0.9708909056690856	0.13242164253938304	-0.9911934768687553	0.029785631312887362	-0.05600197936208762
-0.9790548246599085	0.2035967836439372	0.9170966993796876	-0.3986648266236724	-0.8167210717548139	0.5770326602122867	0.9292289635975048	-0.3695044427493488	0.7269329335769864	-0.686708460761302	0.42174530934776905	-0.9067143398243764	0.0568629798376867	-0.9983819917867002	-0.8345361839379501	0.5509531356642627	-0.9849960161097762	-0.17257707914977966	0.002505097790748368	-0.0720015941114972
-0.42836173159576824	-0.903607341108003	-0.63301245380855	0.7741416106393445	0.9706783532660016	0.24038205944038984	-0.7851631883757461	-0.6192889209566343	0.23296246476073496	0.9724857274081729	0.4193360851689232	-0.9078310678067818	-0.8914569800252067	0.4531053440032885	-0.2232601522853805	0.9747588955231486	0.8959278782011578	0.44419954644503135	-0.06035976352839512	-0.10847948167756127
0.8619150906559131	-0.5070526368135849	0.4857952470007814	-0.8740726388530013	-0.024486581938131784	-0.999700158700091	0.536850340776361	0.8436774926524382	-0.4235834232166101	0.9058570988716146	-0.9916521509784704	0.12894189179538582	-0.6411541671521963	-0.7674121017702115	0.8905083074086076	0.4549669816989542	0.0349305128692222	-0.9993897434288052	-0.11102709813457068	-0.1492969869073465
-0.061348894328288564	0.9981163825750464	-0.9924726263293928	-0.12246667296386035	0.18312309088109027	-0.9830899926182524	0.4006662183436479	-0.9162240891169584	-0.6789331629564005	-0.7342000818836903	-0.9447173841633136	0.3278857484850879	-0.07809952047603536	0.9969455676722844	0.889917843967456	0.4561208512974545	-0.939078702947615	0.34370218164891664	-0.10608063379123088	-0.16976902297972676
-0.9221427769259152	-0.386849711080882	0.7006946020732764	0.713461333658225	-0.3701381553397843	-0.9289767198168432	0.0	0.0	0.0	0.0	0.0	0.0	0.0	0.0	0.0	0.0	0.0	0.0	-0.04836656979855348	-0.1718118804765556
0.2548389930207641	-0.9669834991540252	-0.8701141752723259	-0.4928502023842134	-0.698317033499749	0.7157886005826792	0.9542851286370804	0.2988977973523905	0.8213202134757785	0.570467445991532	0.6132622025008551	0.7898794028102013	0.349133786127797	0.9370728890454944	0.5322182992098092	-0.8466071591867258	-0.045840176736681434	-0.9989487865735408	0.01710678030772006	-0.16219948751704105
0.8419709608920842	0.5395228456835359	0.4178301979710789	0.9085251376067968	-0.13836917434120607	0.9903807205272792	-0.14904718892792754	-0.9888300842271552	-0.9555698709453652	0.29476468876284667	0.4338971951051861	0.9009623877165196	0.8262275565170843	-0.5633365112007283	0.4080030160598141	-0.9129805796872652	-0.6589898258196365	0.752151852664211	0.055096589438125454	-0.13942199440211622
-0.9319888145699142	0.3624870335840527	0.7372063009668675	-0.6756677214539318	-0.4421472384932503	0.8969424839379574	-0.9229908826454934	0.38482181662854414	0.7038243388934142	-0.7103740563824446	-0.3762560129197332	0.9265157379892398	-0.009262599962496766	-0.999957101200814	0.7207242598075053	-0.693221855775569	0.9997100973437196	0.024077401624986342	0.06426117177729761	-0.1046282990191978
0.16890462803837825	-0.9856323993392349	-0.942942453254434	-0.33295574758593555	-0.4874393166954504	0.8731568659407498	0.8722877640325195	-0.4889929004792887	0.521771886561705	-0.8530850475737101	0.037982700495356826	-0.9992783968760056	-0.4555081967876785	-0.890231589340233	-0.3346338054329117	-0.9423482457464905	0.6293006860855944	-0.7771619178087666	0.0612971208451103	-0.06137355182496153
0.9116210382765436	0.41103172939761773	0.6621058348568071	0.7494103438361192	0.2955581789656967	0.9553247420885118	-0.805152906906779	-0.5930672782236125	0.2965424070008724	0.955019686106066	0.3276289448710073	-0.9448064746193848	-0.8241252017002578	0.566407672902221	-0.4902248599483458	-0.8715959996974658	-0.9777637979831248	0.2097092161866408	0.0505345505030218	-0.022773892680499445
-0.17052219263256058	0.985353835847704	-0.9418443636395678	-0.33604939321530924	0.491732924645436	-0.8707460771198718	0.6627300960048831	0.7488583443144362	-0.12157763969871695	0.992581924843128	-0.8238764176640386	0.5667694843735596	-0.970437755050578	-0.24135153526007355	-0.8509006311711302	0.5253266753864418	0.6248802529824502	0.7807206090738152	0.02009938664743116	0.0017257750241302938
-0.9874168399528525	-0.15813912917909734	0.9499840316449536	0.31229847841384045	-0.8886436211122086	-0.4585984241758594	-0.03528723773256978	-0.9993772114938408	-0.9975096217064102	0.07053052249299167	0.10568595605593037	0.9943995568646156	0.9900508907937312	-0.14070974962147914	-0.1231974291745115	0.992382181140306	0.19288385471962968	-0.9812215950479772	-0.0336429756920924	0.011007866292308988
0.03686479814154882	-0.999320262307326	-0.9972819733159658	-0.07367947949743836	-0.11039399541454592	0.9938879040296312	-0.9590860498654112	0.28311472754620554	0.8396921020928757	-0.5430627714020246	-0.6515879127334687	0.758573128959655	0.41016565263430455	-0.9120110401738976	0.24756577016587744	0.9688710902086902	-0.31827879742320503	0.9479971556449092	-0.08758953447129625	0.008323308724373923
0.9935985276197143	0.11296887142897286	0.9744760681761284	0.2244914086373765	0.942877445461185	0.3331397947417729	0.9369414213462398	0.3494864417480139	0.7557184540686241	0.654896646945248	0.4791864236390398	0.8777131486995206	0.14222076363974254	0.9898349632083768	0.8914625278115456	0.4530944289084221	0.9704247056195467	-0.24140399897933726	-0.11208710672920308	-0.005173468949834614
-0.03847326315965737	0.999259629937009	-0.9970396160436956	-0.07688955741477675	0.11519199821696285	-0.9933432455837122	0.20990193855167646	-0.9777224433305436	-0.9118823523844964	-0.4104516724411256	-0.5927136855448133	0.8054132398762042	0.663058849180566	0.7485672732115286	0.9689229543839663	0.2473627062995684	-0.985074179423208	0.17213036058084955	-0.09770189801470575	-0.029204701916527687
-0.9809681293475052	-0.1941688162513656	0.9245969415910869	0.3809468409114431	-0.8330321350385602	-0.5532246035681151	0.0	0.0	0.0	0.0	0.0	0.0	0.0	0.0	0.0	0.0	0.0	0.0	-0.0500514081831458	-0.041116066281215675
0.4666673232254662	-0.8844329309979237	-0.5644432188671565	-0.8254718969625091	-0.9934817353484698	0.11399140989124072	0.9912539062655464	0.13196853152663068	0.9651686133734094	0.26162864475980113	0.9222004101570394	0.38671230069159707	0.8631009044822997	0.5050315125631633	0.5793031222113196	-0.8151121963240502	0.34586849193613983	-0.9382829990391068	0.0043449668491308815	-0.036525230642878485
0.6440022544088799	0.7650235919998026	-0.17052219263256058	0.985353835847704	-0.8636356073731085	0.5041165913529151	0.15024626090860407	-0.9886486034395556	-0.9548521221659674	-0.29708151203861294	-0.4371721830607685	0.8993778307018035	0.8234851504097027	0.567337824452688	0.8530984365705627	-0.521749995228425	-0.6595805750872714	0.7516338636381042	0.04834820388910133	-0.03950322436942911
-0.9587322128693984	0.2843106470158064	0.838334911986907	-0.545155551511589	-0.6487451577203616	0.7610057295016794	-0.8724308682952145	0.4887375369722053	0.5222712399086845	-0.8527794274982514	-0.038860234343088856	0.9992446558209856	-0.4544655039284906	-0.8907643379362595	0.6974742915787626	-0.716609804975276	0.9753808622937212	0.2205270356921276	0.0701651969330711	-0.046310246301250135
-0.5931797447295781	-0.8050700531273987	-0.2962755808851051	0.9551024972070764	0.944669091607646	-0.3280248578403547	0.9791432334890928	-0.20317117982756225	0.9174429433749528	-0.3978673719363065	0.8174728667467117	-0.5759671102874826	0.6834031086969935	-0.7300412255642043	-0.7443749658324856	-0.6677618664178764	-0.417240900757022	-0.9087959235909177	0.04928304087003743	-0.0612336581671905
0.433443214644716	-0.9011808806662814	-0.6242539593569092	-0.7812214757846984	-0.9746005004414172	0.2239505850390636	-0.8868549657553494	-0.462047908463049	0.5730234605698439	0.8195389640746562	-0.1295224372460124	-0.9915764913761584	-0.3432882272731212	0.9392301065317687	-0.8007900083393723	0.5989452082985789	0.03198747377811568	0.999488269826762	-0.01358669871961804	-0.09283480877170902
0.9629172873477632	-0.2697967711571527	0.8544194045463501	-0.5195839500356615	0.682553143218361	-0.7308359642783978	-0.8151419264436827	0.5792612879812371	0.3289127204926365	-0.944360324398549	0.2789208292152821	0.9603141001931916	-0.7836328445962656	-0.621224246846471	-0.6286314274609096	0.7777033678777912	-0.9411970777682525	-0.3378580482991376	-0.09983859913681448	-0.12885841868257086
